Name,Location,Headline,Email,Phone,PDL likelihood,PDL matched inputs,PDL job title,PDL company,Source URL,Source File,Source Row,Exclusion Reason,Duplicate Occurrences,Selected Email,Selected Phone
John Shander,"Johnstown, PA",Emergency room and charge nurse,dartvader340@yahoo.com,+18142432986,9/10,"locality, school, name",,,https://resumes.indeed.com/search?q=%28RN+OR+%22Registered+Nurse%22%29+AND+%28%22Emergency+Room%22+OR+%22Emergency+Department%22+OR+ER+OR+ED+OR+%22Operating+Room%22+OR+%22Perioperative+Nurse%22+OR+ICU+OR+%22Intensive+Care+Unit%22+OR+%22Critical+Care%22+OR+%22Labor+and+Delivery%22+OR+%22Labor+%26+Delivery%22+OR+L%26D+OR+%22OB+Nurse%22%29&nl=false&l=%28+++Kentucky+OR+KY+++OR+Indiana+OR+IN+++OR+Ohio+OR+OH+++OR+California+OR+CA+OR+Pennsylvania%29&ts=1786343974216&start=50,radixsol-indeed-matches-2026-08-10 (1).csv,25,profession could not be confidently inferred,1,dartvader340@yahoo.com,(814) 243-2986
Melissa Rupert,"Avonmore, PA",Nursing Supervisor,missamerupert@gmail.com,+17247971987,3/10,name,,,https://resumes.indeed.com/search?q=%28RN+OR+%22Registered+Nurse%22%29+AND+%28%22Emergency+Room%22+OR+%22Emergency+Department%22+OR+ER+OR+ED+OR+%22Operating+Room%22+OR+%22Perioperative+Nurse%22+OR+ICU+OR+%22Intensive+Care+Unit%22+OR+%22Critical+Care%22+OR+%22Labor+and+Delivery%22+OR+%22Labor+%26+Delivery%22+OR+L%26D+OR+%22OB+Nurse%22%29&nl=false&l=%28+++Kentucky+OR+KY+++OR+Indiana+OR+IN+++OR+Ohio+OR+OH+++OR+California+OR+CA+OR+Pennsylvania%29&ts=1786343974216&start=50,radixsol-indeed-matches-2026-08-10 (1).csv,34,profession could not be confidently inferred,1,missamerupert@gmail.com,(724) 797-1987
Kacey Klein,"Johnstown, PA",Patient Advocate,kklein@cencam.org,+18145255579,10/10,"locality, company, name",school nurse,central cambria school district,https://resumes.indeed.com/search?q=%28RN+OR+%22Registered+Nurse%22%29+AND+%28%22Emergency+Room%22+OR+%22Emergency+Department%22+OR+ER+OR+ED+OR+%22Operating+Room%22+OR+%22Perioperative+Nurse%22+OR+ICU+OR+%22Intensive+Care+Unit%22+OR+%22Critical+Care%22+OR+%22Labor+and+Delivery%22+OR+%22Labor+%26+Delivery%22+OR+L%26D+OR+%22OB+Nurse%22%29&nl=false&l=%28+++Kentucky+OR+KY+++OR+Indiana+OR+IN+++OR+Ohio+OR+OH+++OR+California+OR+CA+OR+Pennsylvania%29&ts=1786343974216&start=500,radixsol-indeed-matches-2026-08-10 (10).csv,2,profession could not be confidently inferred,2,kklein@cencam.org,(814) 525-5579
Cristina Ashbaugh,"North Apollo, PA",Oncology Case Manager / Personal Nurse AdvocateCigna Healthcare,dolllfacemcelroy@hotmail.com,+17244483483,4/10,name,,,https://resumes.indeed.com/search?q=%28RN+OR+%22Registered+Nurse%22%29+AND+%28%22Emergency+Room%22+OR+%22Emergency+Department%22+OR+ER+OR+ED+OR+%22Operating+Room%22+OR+%22Perioperative+Nurse%22+OR+ICU+OR+%22Intensive+Care+Unit%22+OR+%22Critical+Care%22+OR+%22Labor+and+Delivery%22+OR+%22Labor+%26+Delivery%22+OR+L%26D+OR+%22OB+Nurse%22%29&nl=false&l=%28+++Kentucky+OR+KY+++OR+Indiana+OR+IN+++OR+Ohio+OR+OH+++OR+California+OR+CA+OR+Pennsylvania%29&ts=1786343974216&start=500,radixsol-indeed-matches-2026-08-10 (10).csv,5,profession could not be confidently inferred,2,dolllfacemcelroy@hotmail.com,(724) 448-3483
Jennifer Whitesell,"Rossiter, PA",Punxsutawney area hospital,jwhitesell@homenursingagency.com,+18145991577,9/10,"locality, name",,,https://resumes.indeed.com/search?q=%28RN+OR+%22Registered+Nurse%22%29+AND+%28%22Emergency+Room%22+OR+%22Emergency+Department%22+OR+ER+OR+ED+OR+%22Operating+Room%22+OR+%22Perioperative+Nurse%22+OR+ICU+OR+%22Intensive+Care+Unit%22+OR+%22Critical+Care%22+OR+%22Labor+and+Delivery%22+OR+%22Labor+%26+Delivery%22+OR+L%26D+OR+%22OB+Nurse%22%29&nl=false&l=%28+++Kentucky+OR+KY+++OR+Indiana+OR+IN+++OR+Ohio+OR+OH+++OR+California+OR+CA+OR+Pennsylvania%29&ts=1786343974216&start=500,radixsol-indeed-matches-2026-08-10 (10).csv,8,profession could not be confidently inferred,1,jwhitesell@homenursingagency.com,(814) 599-1577
Leslie Fryer,"Spring Church, PA",Nurse Case Manager Lead Analyst,leslie.fryer@cigna.com,+17244649503,10/10,"locality, company, school, name",nurse case manager specialist,cigna healthcare,https://resumes.indeed.com/search?q=%28RN+OR+%22Registered+Nurse%22%29+AND+%28%22Emergency+Room%22+OR+%22Emergency+Department%22+OR+ER+OR+ED+OR+%22Operating+Room%22+OR+%22Perioperative+Nurse%22+OR+ICU+OR+%22Intensive+Care+Unit%22+OR+%22Critical+Care%22+OR+%22Labor+and+Delivery%22+OR+%22Labor+%26+Delivery%22+OR+L%26D+OR+%22OB+Nurse%22%29&nl=false&l=%28+++Kentucky+OR+KY+++OR+Indiana+OR+IN+++OR+Ohio+OR+OH+++OR+California+OR+CA+OR+Pennsylvania%29&ts=1786343974216&start=500,radixsol-indeed-matches-2026-08-10 (10).csv,10,profession could not be confidently inferred,2,leslie.fryer@cigna.com,(724) 464-9503
Susan Bainbridge,"Latrobe, PA",Certified Occupational Health Nurse -- Carpenter Latrobe Operations,susan.bainbridge@csigiv.com,+16186943751,6/10,"locality, name",documentation auditor,critchfield specialty infusion group llc,https://resumes.indeed.com/search?q=%28RN+OR+%22Registered+Nurse%22%29+AND+%28%22Emergency+Room%22+OR+%22Emergency+Department%22+OR+ER+OR+ED+OR+%22Operating+Room%22+OR+%22Perioperative+Nurse%22+OR+ICU+OR+%22Intensive+Care+Unit%22+OR+%22Critical+Care%22+OR+%22Labor+and+Delivery%22+OR+%22Labor+%26+Delivery%22+OR+L%26D+OR+%22OB+Nurse%22%29&nl=false&l=%28+++Kentucky+OR+KY+++OR+Indiana+OR+IN+++OR+Ohio+OR+OH+++OR+California+OR+CA+OR+Pennsylvania%29&ts=1786343974216&start=500,radixsol-indeed-matches-2026-08-10 (10).csv,15,profession could not be confidently inferred,2,susan.bainbridge@csigiv.com,(618) 694-3751
Joy Carr,"Johnstown, PA",Charge Nurse,kcowher@comcast.net,+13525860283,3/10,name,,,https://resumes.indeed.com/search?q=%28RN+OR+%22Registered+Nurse%22%29+AND+%28%22Emergency+Room%22+OR+%22Emergency+Department%22+OR+ER+OR+ED+OR+%22Operating+Room%22+OR+%22Perioperative+Nurse%22+OR+ICU+OR+%22Intensive+Care+Unit%22+OR+%22Critical+Care%22+OR+%22Labor+and+Delivery%22+OR+%22Labor+%26+Delivery%22+OR+L%26D+OR+%22OB+Nurse%22%29&nl=false&l=%28+++Kentucky+OR+KY+++OR+Indiana+OR+IN+++OR+Ohio+OR+OH+++OR+California+OR+CA+OR+Pennsylvania%29&ts=1786343974216&start=500,radixsol-indeed-matches-2026-08-10 (10).csv,23,profession could not be confidently inferred,2,kcowher@comcast.net,(352) 586-0283
Colleen Williams,"Apollo, PA",Seasonal),colleen.williams@mcgc.com,+15703373660,3/10,"region, school, name",category manager resins & polymers,mitsubishi chemical group,https://resumes.indeed.com/search?q=%28RN+OR+%22Registered+Nurse%22%29+AND+%28%22Emergency+Room%22+OR+%22Emergency+Department%22+OR+ER+OR+ED+OR+%22Operating+Room%22+OR+%22Perioperative+Nurse%22+OR+ICU+OR+%22Intensive+Care+Unit%22+OR+%22Critical+Care%22+OR+%22Labor+and+Delivery%22+OR+%22Labor+%26+Delivery%22+OR+L%26D+OR+%22OB+Nurse%22%29&nl=false&l=%28+++Kentucky+OR+KY+++OR+Indiana+OR+IN+++OR+Ohio+OR+OH+++OR+California+OR+CA+OR+Pennsylvania%29&ts=1786343974216&start=500,radixsol-indeed-matches-2026-08-10 (10).csv,24,profession could not be confidently inferred,2,colleen.williams@mcgc.com,(570) 337-3660
Emilea Rippin,"Robinson, PA","Adjunct Faculty, School of Nursing",erippin@yahoo.com,+17248405906,9/10,"locality, name",,,https://resumes.indeed.com/search?q=%28RN+OR+%22Registered+Nurse%22%29+AND+%28%22Emergency+Room%22+OR+%22Emergency+Department%22+OR+ER+OR+ED+OR+%22Operating+Room%22+OR+%22Perioperative+Nurse%22+OR+ICU+OR+%22Intensive+Care+Unit%22+OR+%22Critical+Care%22+OR+%22Labor+and+Delivery%22+OR+%22Labor+%26+Delivery%22+OR+L%26D+OR+%22OB+Nurse%22%29&nl=false&l=%28+++Kentucky+OR+KY+++OR+Indiana+OR+IN+++OR+Ohio+OR+OH+++OR+California+OR+CA+OR+Pennsylvania%29&ts=1786343974216&start=500,radixsol-indeed-matches-2026-08-10 (10).csv,28,profession could not be confidently inferred,2,erippin@yahoo.com,(724) 840-5906
Michael Bennardo,"Apollo, PA",Registered Staff Nurse,michael.bennardo@yahoo.com,+17246240783,8/10,"locality, name",,,https://resumes.indeed.com/search?q=%28RN+OR+%22Registered+Nurse%22%29+AND+%28%22Emergency+Room%22+OR+%22Emergency+Department%22+OR+ER+OR+ED+OR+%22Operating+Room%22+OR+%22Perioperative+Nurse%22+OR+ICU+OR+%22Intensive+Care+Unit%22+OR+%22Critical+Care%22+OR+%22Labor+and+Delivery%22+OR+%22Labor+%26+Delivery%22+OR+L%26D+OR+%22OB+Nurse%22%29&nl=false&l=%28+++Kentucky+OR+KY+++OR+Indiana+OR+IN+++OR+Ohio+OR+OH+++OR+California+OR+CA+OR+Pennsylvania%29&ts=1786343974216&start=500,radixsol-indeed-matches-2026-08-10 (10).csv,29,profession could not be confidently inferred,1,michael.bennardo@yahoo.com,(724) 624-0783
Michelle Moorehead,"Apollo, PA",AHN Hospice,moorehead-john@aramark.com,+17244227293,7/10,"locality, name",,,https://resumes.indeed.com/search?q=%28RN+OR+%22Registered+Nurse%22%29+AND+%28%22Emergency+Room%22+OR+%22Emergency+Department%22+OR+ER+OR+ED+OR+%22Operating+Room%22+OR+%22Perioperative+Nurse%22+OR+ICU+OR+%22Intensive+Care+Unit%22+OR+%22Critical+Care%22+OR+%22Labor+and+Delivery%22+OR+%22Labor+%26+Delivery%22+OR+L%26D+OR+%22OB+Nurse%22%29&nl=false&l=%28+++Kentucky+OR+KY+++OR+Indiana+OR+IN+++OR+Ohio+OR+OH+++OR+California+OR+CA+OR+Pennsylvania%29&ts=1786343974216&start=500,radixsol-indeed-matches-2026-08-10 (10).csv,33,profession could not be confidently inferred,1,moorehead-john@aramark.com,(724) 422-7293
Nathan McCunn,"Indiana, PA",On Call Home Health Nurse,nmccunn@tampabay.rr.com,+17243497641,8/10,"locality, name",,,https://resumes.indeed.com/search?q=%28RN+OR+%22Registered+Nurse%22%29+AND+%28%22Emergency+Room%22+OR+%22Emergency+Department%22+OR+ER+OR+ED+OR+%22Operating+Room%22+OR+%22Perioperative+Nurse%22+OR+ICU+OR+%22Intensive+Care+Unit%22+OR+%22Critical+Care%22+OR+%22Labor+and+Delivery%22+OR+%22Labor+%26+Delivery%22+OR+L%26D+OR+%22OB+Nurse%22%29&nl=false&l=%28+++Kentucky+OR+KY+++OR+Indiana+OR+IN+++OR+Ohio+OR+OH+++OR+California+OR+CA+OR+Pennsylvania%29&ts=1786343974216&start=550,radixsol-indeed-matches-2026-08-10 (11).csv,3,profession could not be confidently inferred,1,nmccunn@tampabay.rr.com,(724) 349-7641
Kaitlyn Henry,"Johnstown, PA",Pacu Senior Professional Staff Nurse,kaitlynhenry1027@gmail.com,+18144428365,4/10,name,,,https://resumes.indeed.com/search?q=%28RN+OR+%22Registered+Nurse%22%29+AND+%28%22Emergency+Room%22+OR+%22Emergency+Department%22+OR+ER+OR+ED+OR+%22Operating+Room%22+OR+%22Perioperative+Nurse%22+OR+ICU+OR+%22Intensive+Care+Unit%22+OR+%22Critical+Care%22+OR+%22Labor+and+Delivery%22+OR+%22Labor+%26+Delivery%22+OR+L%26D+OR+%22OB+Nurse%22%29&nl=false&l=%28+++Kentucky+OR+KY+++OR+Indiana+OR+IN+++OR+Ohio+OR+OH+++OR+California+OR+CA+OR+Pennsylvania%29&ts=1786343974216&start=550,radixsol-indeed-matches-2026-08-10 (11).csv,29,profession could not be confidently inferred,1,kaitlynhenry1027@gmail.com,(814) 442-8365
Ashley Barberich,"Blairsville, PA","Bachelor's degree, Nursing",ashleynicole4852@aim.com,+17244229380,10/10,"locality, school, name",waitress,chestnut ridge resort,https://resumes.indeed.com/search?q=%28RN+OR+%22Registered+Nurse%22%29+AND+%28%22Emergency+Room%22+OR+%22Emergency+Department%22+OR+ER+OR+ED+OR+%22Operating+Room%22+OR+%22Perioperative+Nurse%22+OR+ICU+OR+%22Intensive+Care+Unit%22+OR+%22Critical+Care%22+OR+%22Labor+and+Delivery%22+OR+%22Labor+%26+Delivery%22+OR+L%26D+OR+%22OB+Nurse%22%29&nl=false&l=%28+++Kentucky+OR+KY+++OR+Indiana+OR+IN+++OR+Ohio+OR+OH+++OR+California+OR+CA+OR+Pennsylvania%29&ts=1786343974216&start=600,radixsol-indeed-matches-2026-08-10 (12).csv,6,profession could not be confidently inferred,1,ashleynicole4852@aim.com,(724) 422-9380
kathy curry,"Punxsutawney, PA",Pediatric Home Health Nurse,courtney.leeann.pruitt@gmail.com,+18149522371,6/10,"locality, name",,,https://resumes.indeed.com/search?q=%28RN+OR+%22Registered+Nurse%22%29+AND+%28%22Emergency+Room%22+OR+%22Emergency+Department%22+OR+ER+OR+ED+OR+%22Operating+Room%22+OR+%22Perioperative+Nurse%22+OR+ICU+OR+%22Intensive+Care+Unit%22+OR+%22Critical+Care%22+OR+%22Labor+and+Delivery%22+OR+%22Labor+%26+Delivery%22+OR+L%26D+OR+%22OB+Nurse%22%29&nl=false&l=%28+++Kentucky+OR+KY+++OR+Indiana+OR+IN+++OR+Ohio+OR+OH+++OR+California+OR+CA+OR+Pennsylvania%29&ts=1786343974216&start=600,radixsol-indeed-matches-2026-08-10 (12).csv,10,profession could not be confidently inferred,1,courtney.leeann.pruitt@gmail.com,(814) 952-2371
Marcella Gruchalak,"Vandergrift, PA","Vascular Access Specialist, Senior Professional Staff Nurse II",marcy_gru8486@hotmail.com,+14126515470,7/10,name,,,https://resumes.indeed.com/search?q=%28RN+OR+%22Registered+Nurse%22%29+AND+%28%22Emergency+Room%22+OR+%22Emergency+Department%22+OR+ER+OR+ED+OR+%22Operating+Room%22+OR+%22Perioperative+Nurse%22+OR+ICU+OR+%22Intensive+Care+Unit%22+OR+%22Critical+Care%22+OR+%22Labor+and+Delivery%22+OR+%22Labor+%26+Delivery%22+OR+L%26D+OR+%22OB+Nurse%22%29&nl=false&l=%28+++Kentucky+OR+KY+++OR+Indiana+OR+IN+++OR+Ohio+OR+OH+++OR+California+OR+CA+OR+Pennsylvania%29&ts=1786343974216&start=600,radixsol-indeed-matches-2026-08-10 (12).csv,13,profession could not be confidently inferred,2,marcy_gru8486@hotmail.com,(412) 651-5470
Michele Gregory,"Apollo, PA",Comprehensive Care Clinician,michele.bills@yahoo.com,+17242612643,10/10,"locality, company, school, name",,,https://resumes.indeed.com/search?q=%28RN+OR+%22Registered+Nurse%22%29+AND+%28%22Emergency+Room%22+OR+%22Emergency+Department%22+OR+ER+OR+ED+OR+%22Operating+Room%22+OR+%22Perioperative+Nurse%22+OR+ICU+OR+%22Intensive+Care+Unit%22+OR+%22Critical+Care%22+OR+%22Labor+and+Delivery%22+OR+%22Labor+%26+Delivery%22+OR+L%26D+OR+%22OB+Nurse%22%29&nl=false&l=%28+++Kentucky+OR+KY+++OR+Indiana+OR+IN+++OR+Ohio+OR+OH+++OR+California+OR+CA+OR+Pennsylvania%29&ts=1786343974216&start=600,radixsol-indeed-matches-2026-08-10 (12).csv,16,profession could not be confidently inferred,1,michele.bills@yahoo.com,(724) 261-2643
Vincent Kensinger,"Ebensburg, PA",Allegheny Healthcare Staffing,vincekensinger@yahoo.com,+17176140845,9/10,"locality, name",,,https://resumes.indeed.com/search?q=%28RN+OR+%22Registered+Nurse%22%29+AND+%28%22Emergency+Room%22+OR+%22Emergency+Department%22+OR+ER+OR+ED+OR+%22Operating+Room%22+OR+%22Perioperative+Nurse%22+OR+ICU+OR+%22Intensive+Care+Unit%22+OR+%22Critical+Care%22+OR+%22Labor+and+Delivery%22+OR+%22Labor+%26+Delivery%22+OR+L%26D+OR+%22OB+Nurse%22%29&nl=false&l=%28+++Kentucky+OR+KY+++OR+Indiana+OR+IN+++OR+Ohio+OR+OH+++OR+California+OR+CA+OR+Pennsylvania%29&ts=1786343974216&start=600,radixsol-indeed-matches-2026-08-10 (12).csv,20,profession could not be confidently inferred,1,vincekensinger@yahoo.com,(717) 614-0845
Janice Williams,"Leechburg, PA",Star Representative,jkr813@yahoo.com,+17248820581,4/10,"locality, name",,,https://resumes.indeed.com/search?q=%28RN+OR+%22Registered+Nurse%22%29+AND+%28%22Emergency+Room%22+OR+%22Emergency+Department%22+OR+ER+OR+ED+OR+%22Operating+Room%22+OR+%22Perioperative+Nurse%22+OR+ICU+OR+%22Intensive+Care+Unit%22+OR+%22Critical+Care%22+OR+%22Labor+and+Delivery%22+OR+%22Labor+%26+Delivery%22+OR+L%26D+OR+%22OB+Nurse%22%29&nl=false&l=%28+++Kentucky+OR+KY+++OR+Indiana+OR+IN+++OR+Ohio+OR+OH+++OR+California+OR+CA+OR+Pennsylvania%29&ts=1786343974216&start=600,radixsol-indeed-matches-2026-08-10 (12).csv,24,profession could not be confidently inferred,1,jkr813@yahoo.com,(724) 882-0581
Mary Mogle,"Homer City, PA",Stroke Coordinator,marymogle@gmail.com,+17272514999,10/10,"company, school, name",,,https://resumes.indeed.com/search?q=%28RN+OR+%22Registered+Nurse%22%29+AND+%28%22Emergency+Room%22+OR+%22Emergency+Department%22+OR+ER+OR+ED+OR+%22Operating+Room%22+OR+%22Perioperative+Nurse%22+OR+ICU+OR+%22Intensive+Care+Unit%22+OR+%22Critical+Care%22+OR+%22Labor+and+Delivery%22+OR+%22Labor+%26+Delivery%22+OR+L%26D+OR+%22OB+Nurse%22%29&nl=false&l=%28+++Kentucky+OR+KY+++OR+Indiana+OR+IN+++OR+Ohio+OR+OH+++OR+California+OR+CA+OR+Pennsylvania%29&ts=1786343974216&start=600,radixsol-indeed-matches-2026-08-10 (12).csv,27,profession could not be confidently inferred,1,marymogle@gmail.com,(727) 251-4999
Alicia Kline,"Elmora, PA",Director of Nursing,akline@qualitylifeservices.com,+18146505568,10/10,"locality, school, name",director of nursing services,quality life services,https://resumes.indeed.com/search?q=%28RN+OR+%22Registered+Nurse%22%29+AND+%28%22Emergency+Room%22+OR+%22Emergency+Department%22+OR+ER+OR+ED+OR+%22Operating+Room%22+OR+%22Perioperative+Nurse%22+OR+ICU+OR+%22Intensive+Care+Unit%22+OR+%22Critical+Care%22+OR+%22Labor+and+Delivery%22+OR+%22Labor+%26+Delivery%22+OR+L%26D+OR+%22OB+Nurse%22%29&nl=false&l=%28+++Kentucky+OR+KY+++OR+Indiana+OR+IN+++OR+Ohio+OR+OH+++OR+California+OR+CA+OR+Pennsylvania%29&ts=1786343974216&start=600,radixsol-indeed-matches-2026-08-10 (12).csv,28,profession could not be confidently inferred,1,akline@qualitylifeservices.com,(814) 650-5568
Rose Penatzer,"Johnstown, PA",Clinical Systems Analyst,dpenatzer@netscape.net,+18144187700,8/10,"locality, name",,,https://resumes.indeed.com/search?q=%28RN+OR+%22Registered+Nurse%22%29+AND+%28%22Emergency+Room%22+OR+%22Emergency+Department%22+OR+ER+OR+ED+OR+%22Operating+Room%22+OR+%22Perioperative+Nurse%22+OR+ICU+OR+%22Intensive+Care+Unit%22+OR+%22Critical+Care%22+OR+%22Labor+and+Delivery%22+OR+%22Labor+%26+Delivery%22+OR+L%26D+OR+%22OB+Nurse%22%29&nl=false&l=%28+++Kentucky+OR+KY+++OR+Indiana+OR+IN+++OR+Ohio+OR+OH+++OR+California+OR+CA+OR+Pennsylvania%29&ts=1786343974216&start=650,radixsol-indeed-matches-2026-08-10 (13).csv,4,profession could not be confidently inferred,1,dpenatzer@netscape.net,(814) 418-7700
Amanda Aftanas,"Avonmore, PA",Robert Morris University,amandaaftanas@yahoo.com,+17249537840,9/10,"locality, name",,,https://resumes.indeed.com/search?q=%28RN+OR+%22Registered+Nurse%22%29+AND+%28%22Emergency+Room%22+OR+%22Emergency+Department%22+OR+ER+OR+ED+OR+%22Operating+Room%22+OR+%22Perioperative+Nurse%22+OR+ICU+OR+%22Intensive+Care+Unit%22+OR+%22Critical+Care%22+OR+%22Labor+and+Delivery%22+OR+%22Labor+%26+Delivery%22+OR+L%26D+OR+%22OB+Nurse%22%29&nl=false&l=%28+++Kentucky+OR+KY+++OR+Indiana+OR+IN+++OR+Ohio+OR+OH+++OR+California+OR+CA+OR+Pennsylvania%29&ts=1786343974216&start=650,radixsol-indeed-matches-2026-08-10 (13).csv,8,profession could not be confidently inferred,1,amandaaftanas@yahoo.com,(724) 953-7840
Ann Ferraccio,"Apollo, PA",Staff Nurse,kferraccio@hotmail.com,+17246896311,9/10,"locality, name",,,https://resumes.indeed.com/search?q=%28RN+OR+%22Registered+Nurse%22%29+AND+%28%22Emergency+Room%22+OR+%22Emergency+Department%22+OR+ER+OR+ED+OR+%22Operating+Room%22+OR+%22Perioperative+Nurse%22+OR+ICU+OR+%22Intensive+Care+Unit%22+OR+%22Critical+Care%22+OR+%22Labor+and+Delivery%22+OR+%22Labor+%26+Delivery%22+OR+L%26D+OR+%22OB+Nurse%22%29&nl=false&l=%28+++Kentucky+OR+KY+++OR+Indiana+OR+IN+++OR+Ohio+OR+OH+++OR+California+OR+CA+OR+Pennsylvania%29&ts=1786343974216&start=650,radixsol-indeed-matches-2026-08-10 (13).csv,14,profession could not be confidently inferred,1,kferraccio@hotmail.com,(724) 689-6311
Lauren Kokonaski,"Latrobe, PA",Chief Nursing Officer,lkoko1717@gmail.com,+14127092595,9/10,"locality, name",,,https://resumes.indeed.com/search?q=%28RN+OR+%22Registered+Nurse%22%29+AND+%28%22Emergency+Room%22+OR+%22Emergency+Department%22+OR+ER+OR+ED+OR+%22Operating+Room%22+OR+%22Perioperative+Nurse%22+OR+ICU+OR+%22Intensive+Care+Unit%22+OR+%22Critical+Care%22+OR+%22Labor+and+Delivery%22+OR+%22Labor+%26+Delivery%22+OR+L%26D+OR+%22OB+Nurse%22%29&nl=false&l=%28+++Kentucky+OR+KY+++OR+Indiana+OR+IN+++OR+Ohio+OR+OH+++OR+California+OR+CA+OR+Pennsylvania%29&ts=1786343974216&start=650,radixsol-indeed-matches-2026-08-10 (13).csv,15,profession could not be confidently inferred,1,lkoko1717@gmail.com,(412) 709-2595
Christina Drnjevich,"Latrobe, PA",Director of Nursing,cdrnjevich@hotmail.com,+17242449042,9/10,"locality, name",,,https://resumes.indeed.com/search?q=%28RN+OR+%22Registered+Nurse%22%29+AND+%28%22Emergency+Room%22+OR+%22Emergency+Department%22+OR+ER+OR+ED+OR+%22Operating+Room%22+OR+%22Perioperative+Nurse%22+OR+ICU+OR+%22Intensive+Care+Unit%22+OR+%22Critical+Care%22+OR+%22Labor+and+Delivery%22+OR+%22Labor+%26+Delivery%22+OR+L%26D+OR+%22OB+Nurse%22%29&nl=false&l=%28+++Kentucky+OR+KY+++OR+Indiana+OR+IN+++OR+Ohio+OR+OH+++OR+California+OR+CA+OR+Pennsylvania%29&ts=1786343974216&start=650,radixsol-indeed-matches-2026-08-10 (13).csv,18,profession could not be confidently inferred,1,cdrnjevich@hotmail.com,(724) 244-9042
Brianna Mitchell,"Indiana, PA",Instructor for undergraduate,brianna.mitchell@iup.edu,+17245498436,9/10,"locality, company, name",instructor,indiana university of pennsylvania,https://resumes.indeed.com/search?q=%28RN+OR+%22Registered+Nurse%22%29+AND+%28%22Emergency+Room%22+OR+%22Emergency+Department%22+OR+ER+OR+ED+OR+%22Operating+Room%22+OR+%22Perioperative+Nurse%22+OR+ICU+OR+%22Intensive+Care+Unit%22+OR+%22Critical+Care%22+OR+%22Labor+and+Delivery%22+OR+%22Labor+%26+Delivery%22+OR+L%26D+OR+%22OB+Nurse%22%29&nl=false&l=%28+++Kentucky+OR+KY+++OR+Indiana+OR+IN+++OR+Ohio+OR+OH+++OR+California+OR+CA+OR+Pennsylvania%29&ts=1786343974216&start=650,radixsol-indeed-matches-2026-08-10 (13).csv,23,profession could not be confidently inferred,1,brianna.mitchell@iup.edu,(724) 549-8436
Elana Staschak,"Latrobe, PA",Director of Nursing,elanarn@gmail.com,+17244227855,10/10,"locality, company, school, name",,,https://resumes.indeed.com/search?q=%28RN+OR+%22Registered+Nurse%22%29+AND+%28%22Emergency+Room%22+OR+%22Emergency+Department%22+OR+ER+OR+ED+OR+%22Operating+Room%22+OR+%22Perioperative+Nurse%22+OR+ICU+OR+%22Intensive+Care+Unit%22+OR+%22Critical+Care%22+OR+%22Labor+and+Delivery%22+OR+%22Labor+%26+Delivery%22+OR+L%26D+OR+%22OB+Nurse%22%29&nl=false&l=%28+++Kentucky+OR+KY+++OR+Indiana+OR+IN+++OR+Ohio+OR+OH+++OR+California+OR+CA+OR+Pennsylvania%29&ts=1786343974216&start=650,radixsol-indeed-matches-2026-08-10 (13).csv,27,profession could not be confidently inferred,1,elanarn@gmail.com,(724) 422-7855
Theresa Mangus,"Vintondale, PA",Emergency Room Technician/Unit Secretary,theresa@upmc.com,+18142413401,9/10,"locality, name",paitent care technician specialist,upmc emergency medicine,https://resumes.indeed.com/search?q=%28RN+OR+%22Registered+Nurse%22%29+AND+%28%22Emergency+Room%22+OR+%22Emergency+Department%22+OR+ER+OR+ED+OR+%22Operating+Room%22+OR+%22Perioperative+Nurse%22+OR+ICU+OR+%22Intensive+Care+Unit%22+OR+%22Critical+Care%22+OR+%22Labor+and+Delivery%22+OR+%22Labor+%26+Delivery%22+OR+L%26D+OR+%22OB+Nurse%22%29&nl=false&l=%28+++Kentucky+OR+KY+++OR+Indiana+OR+IN+++OR+Ohio+OR+OH+++OR+California+OR+CA+OR+Pennsylvania%29&ts=1786343974216&start=700,radixsol-indeed-matches-2026-08-10 (14).csv,2,profession could not be confidently inferred,1,theresa@upmc.com,(814) 241-3401
Wendy Truscello,"Johnstown, PA",Quality Assurance/Performance Improvement Coordinator,wtruscello@vaticahealth.com,+18144216229,9/10,"locality, school, name",clinical validation auditor,vatica health,https://resumes.indeed.com/search?q=%28RN+OR+%22Registered+Nurse%22%29+AND+%28%22Emergency+Room%22+OR+%22Emergency+Department%22+OR+ER+OR+ED+OR+%22Operating+Room%22+OR+%22Perioperative+Nurse%22+OR+ICU+OR+%22Intensive+Care+Unit%22+OR+%22Critical+Care%22+OR+%22Labor+and+Delivery%22+OR+%22Labor+%26+Delivery%22+OR+L%26D+OR+%22OB+Nurse%22%29&nl=false&l=%28+++Kentucky+OR+KY+++OR+Indiana+OR+IN+++OR+Ohio+OR+OH+++OR+California+OR+CA+OR+Pennsylvania%29&ts=1786343974216&start=700,radixsol-indeed-matches-2026-08-10 (14).csv,16,profession could not be confidently inferred,1,wtruscello@vaticahealth.com,(814) 421-6229
Robin Roberts,"Johnstown, PA",Pediatric Nurse,rroberts2386@hotmail.com,+18144427009,3/10,"locality, name",,,https://resumes.indeed.com/search?q=%28RN+OR+%22Registered+Nurse%22%29+AND+%28%22Emergency+Room%22+OR+%22Emergency+Department%22+OR+ER+OR+ED+OR+%22Operating+Room%22+OR+%22Perioperative+Nurse%22+OR+ICU+OR+%22Intensive+Care+Unit%22+OR+%22Critical+Care%22+OR+%22Labor+and+Delivery%22+OR+%22Labor+%26+Delivery%22+OR+L%26D+OR+%22OB+Nurse%22%29&nl=false&l=%28+++Kentucky+OR+KY+++OR+Indiana+OR+IN+++OR+Ohio+OR+OH+++OR+California+OR+CA+OR+Pennsylvania%29&ts=1786343974216&start=700,radixsol-indeed-matches-2026-08-10 (14).csv,23,profession could not be confidently inferred,1,rroberts2386@hotmail.com,(814) 442-7009
Tammi Connah,"Nanty Glo, PA",Clinical Process Improvement Coordinator,dconnah@aol.com,+18146598420,9/10,"locality, name",quality specialist,"conemaugh health system, duke lifepoint healthcare",https://resumes.indeed.com/search?q=%28RN+OR+%22Registered+Nurse%22%29+AND+%28%22Emergency+Room%22+OR+%22Emergency+Department%22+OR+ER+OR+ED+OR+%22Operating+Room%22+OR+%22Perioperative+Nurse%22+OR+ICU+OR+%22Intensive+Care+Unit%22+OR+%22Critical+Care%22+OR+%22Labor+and+Delivery%22+OR+%22Labor+%26+Delivery%22+OR+L%26D+OR+%22OB+Nurse%22%29&nl=false&l=%28+++Kentucky+OR+KY+++OR+Indiana+OR+IN+++OR+Ohio+OR+OH+++OR+California+OR+CA+OR+Pennsylvania%29&ts=1786343974216&start=700,radixsol-indeed-matches-2026-08-10 (14).csv,26,profession could not be confidently inferred,2,dconnah@aol.com,(814) 659-8420
Iyeisha Jashienski,"Johnstown, PA",Health and Wellness Director,ijashienski@c-nta.com,+19312780755,10/10,"locality, company, school, name",medical specialist,"croyle-nielsen therapeutic associates, inc.",https://resumes.indeed.com/search?q=%28RN+OR+%22Registered+Nurse%22%29+AND+%28%22Emergency+Room%22+OR+%22Emergency+Department%22+OR+ER+OR+ED+OR+%22Operating+Room%22+OR+%22Perioperative+Nurse%22+OR+ICU+OR+%22Intensive+Care+Unit%22+OR+%22Critical+Care%22+OR+%22Labor+and+Delivery%22+OR+%22Labor+%26+Delivery%22+OR+L%26D+OR+%22OB+Nurse%22%29&nl=false&l=%28+++Kentucky+OR+KY+++OR+Indiana+OR+IN+++OR+Ohio+OR+OH+++OR+California+OR+CA+OR+Pennsylvania%29&ts=1786343974216&start=700,radixsol-indeed-matches-2026-08-10 (14).csv,32,profession could not be confidently inferred,1,ijashienski@c-nta.com,(931) 278-0755
Ryan Fischer,"Punxsutawney, PA",Assistant Director of Nursing,rfischer@pah.org,+17249446437,9/10,"locality, school, name",,,https://resumes.indeed.com/search?q=%28RN+OR+%22Registered+Nurse%22%29+AND+%28%22Emergency+Room%22+OR+%22Emergency+Department%22+OR+ER+OR+ED+OR+%22Operating+Room%22+OR+%22Perioperative+Nurse%22+OR+ICU+OR+%22Intensive+Care+Unit%22+OR+%22Critical+Care%22+OR+%22Labor+and+Delivery%22+OR+%22Labor+%26+Delivery%22+OR+L%26D+OR+%22OB+Nurse%22%29&nl=false&l=%28+++Kentucky+OR+KY+++OR+Indiana+OR+IN+++OR+Ohio+OR+OH+++OR+California+OR+CA+OR+Pennsylvania%29&ts=1786343974216&start=750,radixsol-indeed-matches-2026-08-10 (15).csv,7,profession could not be confidently inferred,1,rfischer@pah.org,(724) 944-6437
Tammy Clark,"Apollo, PA",Regional Director of Operations,tclark@indianarmc.org,+17246814451,10/10,"locality, company, name",nursing administration,indiana regional medical center,https://resumes.indeed.com/search?q=%28RN+OR+%22Registered+Nurse%22%29+AND+%28%22Emergency+Room%22+OR+%22Emergency+Department%22+OR+ER+OR+ED+OR+%22Operating+Room%22+OR+%22Perioperative+Nurse%22+OR+ICU+OR+%22Intensive+Care+Unit%22+OR+%22Critical+Care%22+OR+%22Labor+and+Delivery%22+OR+%22Labor+%26+Delivery%22+OR+L%26D+OR+%22OB+Nurse%22%29&nl=false&l=%28+++Kentucky+OR+KY+++OR+Indiana+OR+IN+++OR+Ohio+OR+OH+++OR+California+OR+CA+OR+Pennsylvania%29&ts=1786343974216&start=750,radixsol-indeed-matches-2026-08-10 (15).csv,9,profession could not be confidently inferred,1,tclark@indianarmc.org,(724) 681-4451
Lisa Elliott,"Johnstown, PA",Staff Development Coordinator/ Clinical Coordinator,lisam1066@yahoo.com,+14123783998,3/10,"locality, name",,,https://resumes.indeed.com/search?q=%28RN+OR+%22Registered+Nurse%22%29+AND+%28%22Emergency+Room%22+OR+%22Emergency+Department%22+OR+ER+OR+ED+OR+%22Operating+Room%22+OR+%22Perioperative+Nurse%22+OR+ICU+OR+%22Intensive+Care+Unit%22+OR+%22Critical+Care%22+OR+%22Labor+and+Delivery%22+OR+%22Labor+%26+Delivery%22+OR+L%26D+OR+%22OB+Nurse%22%29&nl=false&l=%28+++Kentucky+OR+KY+++OR+Indiana+OR+IN+++OR+Ohio+OR+OH+++OR+California+OR+CA+OR+Pennsylvania%29&ts=1786343974216&start=750,radixsol-indeed-matches-2026-08-10 (15).csv,12,profession could not be confidently inferred,1,lisam1066@yahoo.com,(412) 378-3998
Denise Stahl,"Saltsburg, PA","Vice President, Palliative Care",dall693@gmail.com,+14127591878,8/10,"locality, name",,,https://resumes.indeed.com/search?q=%28RN+OR+%22Registered+Nurse%22%29+AND+%28%22Emergency+Room%22+OR+%22Emergency+Department%22+OR+ER+OR+ED+OR+%22Operating+Room%22+OR+%22Perioperative+Nurse%22+OR+ICU+OR+%22Intensive+Care+Unit%22+OR+%22Critical+Care%22+OR+%22Labor+and+Delivery%22+OR+%22Labor+%26+Delivery%22+OR+L%26D+OR+%22OB+Nurse%22%29&nl=false&l=%28+++Kentucky+OR+KY+++OR+Indiana+OR+IN+++OR+Ohio+OR+OH+++OR+California+OR+CA+OR+Pennsylvania%29&ts=1786343974216&start=750,radixsol-indeed-matches-2026-08-10 (15).csv,21,profession could not be confidently inferred,1,dall693@gmail.com,(412) 759-1878
Lori Cochran,"New Alexandria, PA","Home Health Nurse, Case Manager",ddcljc12@gmail.com,+17245162214,7/10,"locality, name",,,https://resumes.indeed.com/search?q=%28RN+OR+%22Registered+Nurse%22%29+AND+%28%22Emergency+Room%22+OR+%22Emergency+Department%22+OR+ER+OR+ED+OR+%22Operating+Room%22+OR+%22Perioperative+Nurse%22+OR+ICU+OR+%22Intensive+Care+Unit%22+OR+%22Critical+Care%22+OR+%22Labor+and+Delivery%22+OR+%22Labor+%26+Delivery%22+OR+L%26D+OR+%22OB+Nurse%22%29&nl=false&l=%28+++Kentucky+OR+KY+++OR+Indiana+OR+IN+++OR+Ohio+OR+OH+++OR+California+OR+CA+OR+Pennsylvania%29&ts=1786343974216&start=750,radixsol-indeed-matches-2026-08-10 (15).csv,26,profession could not be confidently inferred,2,ddcljc12@gmail.com,(724) 516-2214
Ashley Lichtenfels,"New Florence, PA",Certified Lactation Counselor,alichtenfels@indianarmc.org,+18142416419,10/10,"locality, company, name",,,https://resumes.indeed.com/search?q=%28RN+OR+%22Registered+Nurse%22%29+AND+%28%22Emergency+Room%22+OR+%22Emergency+Department%22+OR+ER+OR+ED+OR+%22Operating+Room%22+OR+%22Perioperative+Nurse%22+OR+ICU+OR+%22Intensive+Care+Unit%22+OR+%22Critical+Care%22+OR+%22Labor+and+Delivery%22+OR+%22Labor+%26+Delivery%22+OR+L%26D+OR+%22OB+Nurse%22%29&nl=false&l=%28+++Kentucky+OR+KY+++OR+Indiana+OR+IN+++OR+Ohio+OR+OH+++OR+California+OR+CA+OR+Pennsylvania%29&ts=1786343974216&start=750,radixsol-indeed-matches-2026-08-10 (15).csv,28,profession could not be confidently inferred,1,alichtenfels@indianarmc.org,(814) 241-6419
Carrie Pappal,"Indiana, PA",Chief Nursing Officer,cpappal@lifepittsburgh.org,+17245496154,10/10,"locality, company, school, name",chief nursing officer,life pittsburgh,https://resumes.indeed.com/search?q=%28RN+OR+%22Registered+Nurse%22%29+AND+%28%22Emergency+Room%22+OR+%22Emergency+Department%22+OR+ER+OR+ED+OR+%22Operating+Room%22+OR+%22Perioperative+Nurse%22+OR+ICU+OR+%22Intensive+Care+Unit%22+OR+%22Critical+Care%22+OR+%22Labor+and+Delivery%22+OR+%22Labor+%26+Delivery%22+OR+L%26D+OR+%22OB+Nurse%22%29&nl=false&l=%28+++Kentucky+OR+KY+++OR+Indiana+OR+IN+++OR+Ohio+OR+OH+++OR+California+OR+CA+OR+Pennsylvania%29&ts=1786343974216&start=800,radixsol-indeed-matches-2026-08-10 (16).csv,2,profession could not be confidently inferred,1,cpappal@lifepittsburgh.org,(724) 549-6154
Venetia Santichen,"Johnstown, PA",Clinical Reimbursement Consultant - Long Term Care,vsantichen@grane.com,+18145585181,10/10,"locality, company, name",clinical reimbursement consultant,grane healthcare,https://resumes.indeed.com/search?q=%28RN+OR+%22Registered+Nurse%22%29+AND+%28%22Emergency+Room%22+OR+%22Emergency+Department%22+OR+ER+OR+ED+OR+%22Operating+Room%22+OR+%22Perioperative+Nurse%22+OR+ICU+OR+%22Intensive+Care+Unit%22+OR+%22Critical+Care%22+OR+%22Labor+and+Delivery%22+OR+%22Labor+%26+Delivery%22+OR+L%26D+OR+%22OB+Nurse%22%29&nl=false&l=%28+++Kentucky+OR+KY+++OR+Indiana+OR+IN+++OR+Ohio+OR+OH+++OR+California+OR+CA+OR+Pennsylvania%29&ts=1786343974216&start=800,radixsol-indeed-matches-2026-08-10 (16).csv,4,profession could not be confidently inferred,1,vsantichen@grane.com,(814) 558-5181
Jordan King,"Apollo, PA",Adjunct Clinical Nursing Instructor: Leadership; Adult Health,jordan.king@ahn.org,+17249940426,9/10,"company, school, name","manager, clinical education & pipeline",allegheny health network,https://resumes.indeed.com/search?q=%28RN+OR+%22Registered+Nurse%22%29+AND+%28%22Emergency+Room%22+OR+%22Emergency+Department%22+OR+ER+OR+ED+OR+%22Operating+Room%22+OR+%22Perioperative+Nurse%22+OR+ICU+OR+%22Intensive+Care+Unit%22+OR+%22Critical+Care%22+OR+%22Labor+and+Delivery%22+OR+%22Labor+%26+Delivery%22+OR+L%26D+OR+%22OB+Nurse%22%29&nl=false&l=%28+++Kentucky+OR+KY+++OR+Indiana+OR+IN+++OR+Ohio+OR+OH+++OR+California+OR+CA+OR+Pennsylvania%29&ts=1786343974216&start=800,radixsol-indeed-matches-2026-08-10 (16).csv,8,profession could not be confidently inferred,1,jordan.king@ahn.org,(724) 994-0426
Kristine Emley,"Nicktown, PA",Director of Professional Services,kdumm9777@yahoo.com,+18143416077,10/10,"locality, company, name",director of professional services,resta home health,https://resumes.indeed.com/search?q=%28RN+OR+%22Registered+Nurse%22%29+AND+%28%22Emergency+Room%22+OR+%22Emergency+Department%22+OR+ER+OR+ED+OR+%22Operating+Room%22+OR+%22Perioperative+Nurse%22+OR+ICU+OR+%22Intensive+Care+Unit%22+OR+%22Critical+Care%22+OR+%22Labor+and+Delivery%22+OR+%22Labor+%26+Delivery%22+OR+L%26D+OR+%22OB+Nurse%22%29&nl=false&l=%28+++Kentucky+OR+KY+++OR+Indiana+OR+IN+++OR+Ohio+OR+OH+++OR+California+OR+CA+OR+Pennsylvania%29&ts=1786343974216&start=800,radixsol-indeed-matches-2026-08-10 (16).csv,15,profession could not be confidently inferred,1,kdumm9777@yahoo.com,(814) 341-6077
TAMMY BLYSTONE,"Rural Valley, PA",Assistant Director of Nursing Manager /RNAC/ Case Manager,tammyblystone@windstream.net,+17243881421,9/10,"region, company, name",rnac,"beacon ridge, skilled nursing and rehabilitation",https://resumes.indeed.com/search?q=%28RN+OR+%22Registered+Nurse%22%29+AND+%28%22Emergency+Room%22+OR+%22Emergency+Department%22+OR+ER+OR+ED+OR+%22Operating+Room%22+OR+%22Perioperative+Nurse%22+OR+ICU+OR+%22Intensive+Care+Unit%22+OR+%22Critical+Care%22+OR+%22Labor+and+Delivery%22+OR+%22Labor+%26+Delivery%22+OR+L%26D+OR+%22OB+Nurse%22%29&nl=false&l=%28+++Kentucky+OR+KY+++OR+Indiana+OR+IN+++OR+Ohio+OR+OH+++OR+California+OR+CA+OR+Pennsylvania%29&ts=1786343974216&start=800,radixsol-indeed-matches-2026-08-10 (16).csv,16,profession could not be confidently inferred,1,tammyblystone@windstream.net,(724) 388-1421
Ann Boring,"Northern Cambria, PA",Regional Quality Analyst,annz91011@gmail.com,+18143417046,9/10,"locality, school, name",,,https://resumes.indeed.com/search?q=%28RN+OR+%22Registered+Nurse%22%29+AND+%28%22Emergency+Room%22+OR+%22Emergency+Department%22+OR+ER+OR+ED+OR+%22Operating+Room%22+OR+%22Perioperative+Nurse%22+OR+ICU+OR+%22Intensive+Care+Unit%22+OR+%22Critical+Care%22+OR+%22Labor+and+Delivery%22+OR+%22Labor+%26+Delivery%22+OR+L%26D+OR+%22OB+Nurse%22%29&nl=false&l=%28+++Kentucky+OR+KY+++OR+Indiana+OR+IN+++OR+Ohio+OR+OH+++OR+California+OR+CA+OR+Pennsylvania%29&ts=1786343974216&start=800,radixsol-indeed-matches-2026-08-10 (16).csv,20,profession could not be confidently inferred,2,annz91011@gmail.com,(814) 341-7046
Diana Mock,"Johnstown, PA",Diabetes Nurse Educator,cdianamock@novonordisk.com,+18142700186,9/10,"locality, company, name",senior diabetes care specialist,novo nordisk,https://resumes.indeed.com/search?q=%28RN+OR+%22Registered+Nurse%22%29+AND+%28%22Emergency+Room%22+OR+%22Emergency+Department%22+OR+ER+OR+ED+OR+%22Operating+Room%22+OR+%22Perioperative+Nurse%22+OR+ICU+OR+%22Intensive+Care+Unit%22+OR+%22Critical+Care%22+OR+%22Labor+and+Delivery%22+OR+%22Labor+%26+Delivery%22+OR+L%26D+OR+%22OB+Nurse%22%29&nl=false&l=%28+++Kentucky+OR+KY+++OR+Indiana+OR+IN+++OR+Ohio+OR+OH+++OR+California+OR+CA+OR+Pennsylvania%29&ts=1786343974216&start=800,radixsol-indeed-matches-2026-08-10 (16).csv,22,profession could not be confidently inferred,1,cdianamock@novonordisk.com,(814) 270-0186
Dawn Funk,"Indiana, PA",Director of Nursing Operations & Inpatient Rehab and Interim Chief Nursing Officer,dawn.funk@yahoo.com,+13012686321,6/10,"locality, name",,,https://resumes.indeed.com/search?q=%28RN+OR+%22Registered+Nurse%22%29+AND+%28%22Emergency+Room%22+OR+%22Emergency+Department%22+OR+ER+OR+ED+OR+%22Operating+Room%22+OR+%22Perioperative+Nurse%22+OR+ICU+OR+%22Intensive+Care+Unit%22+OR+%22Critical+Care%22+OR+%22Labor+and+Delivery%22+OR+%22Labor+%26+Delivery%22+OR+L%26D+OR+%22OB+Nurse%22%29&nl=false&l=%28+++Kentucky+OR+KY+++OR+Indiana+OR+IN+++OR+Ohio+OR+OH+++OR+California+OR+CA+OR+Pennsylvania%29&ts=1786343974216&start=800,radixsol-indeed-matches-2026-08-10 (16).csv,23,profession could not be confidently inferred,2,dawn.funk@yahoo.com,(301) 268-6321
Allison Ridilla,"New Alexandria, PA",Clinical Reviewer,aridilla@yahoo.com,+17244672356,9/10,"locality, name",,,https://resumes.indeed.com/search?q=%28RN+OR+%22Registered+Nurse%22%29+AND+%28%22Emergency+Room%22+OR+%22Emergency+Department%22+OR+ER+OR+ED+OR+%22Operating+Room%22+OR+%22Perioperative+Nurse%22+OR+ICU+OR+%22Intensive+Care+Unit%22+OR+%22Critical+Care%22+OR+%22Labor+and+Delivery%22+OR+%22Labor+%26+Delivery%22+OR+L%26D+OR+%22OB+Nurse%22%29&nl=false&l=%28+++Kentucky+OR+KY+++OR+Indiana+OR+IN+++OR+Ohio+OR+OH+++OR+California+OR+CA+OR+Pennsylvania%29&ts=1786343974216&start=800,radixsol-indeed-matches-2026-08-10 (16).csv,27,profession could not be confidently inferred,1,aridilla@yahoo.com,(724) 467-2356
Natalie Hoag,"Indiana, PA",Functional Medicine & Aesthetics Nurse/Manager,natalienekos@gmail.com,+14127807178,9/10,"locality, school, name",pharmacy technician,gatti pharmacy,https://resumes.indeed.com/search?q=%28RN+OR+%22Registered+Nurse%22%29+AND+%28%22Emergency+Room%22+OR+%22Emergency+Department%22+OR+ER+OR+ED+OR+%22Operating+Room%22+OR+%22Perioperative+Nurse%22+OR+ICU+OR+%22Intensive+Care+Unit%22+OR+%22Critical+Care%22+OR+%22Labor+and+Delivery%22+OR+%22Labor+%26+Delivery%22+OR+L%26D+OR+%22OB+Nurse%22%29&nl=false&l=%28+++Kentucky+OR+KY+++OR+Indiana+OR+IN+++OR+Ohio+OR+OH+++OR+California+OR+CA+OR+Pennsylvania%29&ts=1786343974216&start=800,radixsol-indeed-matches-2026-08-10 (16).csv,28,profession could not be confidently inferred,1,natalienekos@gmail.com,(412) 780-7178
Tammy Calpin,"Mineral Point, PA",Trauma PI Coordinator,tammy.calpin@upmc.com,+15706878808,10/10,"company, school, name",clinical manager,upmc home healthcare,https://resumes.indeed.com/search?q=%28RN+OR+%22Registered+Nurse%22%29+AND+%28%22Emergency+Room%22+OR+%22Emergency+Department%22+OR+ER+OR+ED+OR+%22Operating+Room%22+OR+%22Perioperative+Nurse%22+OR+ICU+OR+%22Intensive+Care+Unit%22+OR+%22Critical+Care%22+OR+%22Labor+and+Delivery%22+OR+%22Labor+%26+Delivery%22+OR+L%26D+OR+%22OB+Nurse%22%29&nl=false&l=%28+++Kentucky+OR+KY+++OR+Indiana+OR+IN+++OR+Ohio+OR+OH+++OR+California+OR+CA+OR+Pennsylvania%29&ts=1786343974216&start=800,radixsol-indeed-matches-2026-08-10 (16).csv,31,profession could not be confidently inferred,1,tammy.calpin@upmc.com,(570) 687-8808
Kelli Herrington,"New Alexandria, PA",Senior Client Relationship Executive,kellih@pacira.com,+14123896563,9/10,"company, school, name",senior nurse educator,pharmacosmos therapeutics inc.,https://resumes.indeed.com/search?q=%28RN+OR+%22Registered+Nurse%22%29+AND+%28%22Emergency+Room%22+OR+%22Emergency+Department%22+OR+ER+OR+ED+OR+%22Operating+Room%22+OR+%22Perioperative+Nurse%22+OR+ICU+OR+%22Intensive+Care+Unit%22+OR+%22Critical+Care%22+OR+%22Labor+and+Delivery%22+OR+%22Labor+%26+Delivery%22+OR+L%26D+OR+%22OB+Nurse%22%29&nl=false&l=%28+++Kentucky+OR+KY+++OR+Indiana+OR+IN+++OR+Ohio+OR+OH+++OR+California+OR+CA+OR+Pennsylvania%29&ts=1786343974216&start=850,radixsol-indeed-matches-2026-08-10 (17).csv,11,profession could not be confidently inferred,1,kellih@pacira.com,(412) 389-6563
Misty Baer,"Apollo, PA",Director of Operations,footballchick80@hotmail.com,+17244221348,9/10,"locality, school, name",senior associate director of site optimization,us acute care solutions,https://resumes.indeed.com/search?q=%28RN+OR+%22Registered+Nurse%22%29+AND+%28%22Emergency+Room%22+OR+%22Emergency+Department%22+OR+ER+OR+ED+OR+%22Operating+Room%22+OR+%22Perioperative+Nurse%22+OR+ICU+OR+%22Intensive+Care+Unit%22+OR+%22Critical+Care%22+OR+%22Labor+and+Delivery%22+OR+%22Labor+%26+Delivery%22+OR+L%26D+OR+%22OB+Nurse%22%29&nl=false&l=%28+++Kentucky+OR+KY+++OR+Indiana+OR+IN+++OR+Ohio+OR+OH+++OR+California+OR+CA+OR+Pennsylvania%29&ts=1786343974216&start=850,radixsol-indeed-matches-2026-08-10 (17).csv,14,profession could not be confidently inferred,1,footballchick80@hotmail.com,(724) 422-1348
Steven Weight,"Ford City, PA",Clinical Director,sweight@yahoo.com,+17243965780,8/10,"locality, name",,,https://resumes.indeed.com/search?q=%28RN+OR+%22Registered+Nurse%22%29+AND+%28%22Emergency+Room%22+OR+%22Emergency+Department%22+OR+ER+OR+ED+OR+%22Operating+Room%22+OR+%22Perioperative+Nurse%22+OR+ICU+OR+%22Intensive+Care+Unit%22+OR+%22Critical+Care%22+OR+%22Labor+and+Delivery%22+OR+%22Labor+%26+Delivery%22+OR+L%26D+OR+%22OB+Nurse%22%29&nl=false&l=%28+++Kentucky+OR+KY+++OR+Indiana+OR+IN+++OR+Ohio+OR+OH+++OR+California+OR+CA+OR+Pennsylvania%29&ts=1786343974216&start=850,radixsol-indeed-matches-2026-08-10 (17).csv,15,profession could not be confidently inferred,1,sweight@yahoo.com,(724) 396-5780
Tracy Barto,"Leechburg, PA",Director of Operations/Branch Director,tbarto@fhhs.us,+17248591471,8/10,"locality, name",assistant executiv clinical director,family home health services,https://resumes.indeed.com/search?q=%28RN+OR+%22Registered+Nurse%22%29+AND+%28%22Emergency+Room%22+OR+%22Emergency+Department%22+OR+ER+OR+ED+OR+%22Operating+Room%22+OR+%22Perioperative+Nurse%22+OR+ICU+OR+%22Intensive+Care+Unit%22+OR+%22Critical+Care%22+OR+%22Labor+and+Delivery%22+OR+%22Labor+%26+Delivery%22+OR+L%26D+OR+%22OB+Nurse%22%29&nl=false&l=%28+++Kentucky+OR+KY+++OR+Indiana+OR+IN+++OR+Ohio+OR+OH+++OR+California+OR+CA+OR+Pennsylvania%29&ts=1786343974216&start=850,radixsol-indeed-matches-2026-08-10 (17).csv,22,profession could not be confidently inferred,1,tbarto@fhhs.us,(724) 859-1471
Glenn Repko,"Latrobe, PA",AACN Membership,grepko@excelahealth.org,+13107290373,10/10,"locality, company, name",,,https://resumes.indeed.com/search?q=%28RN+OR+%22Registered+Nurse%22%29+AND+%28%22Emergency+Room%22+OR+%22Emergency+Department%22+OR+ER+OR+ED+OR+%22Operating+Room%22+OR+%22Perioperative+Nurse%22+OR+ICU+OR+%22Intensive+Care+Unit%22+OR+%22Critical+Care%22+OR+%22Labor+and+Delivery%22+OR+%22Labor+%26+Delivery%22+OR+L%26D+OR+%22OB+Nurse%22%29&nl=false&l=%28+++Kentucky+OR+KY+++OR+Indiana+OR+IN+++OR+Ohio+OR+OH+++OR+California+OR+CA+OR+Pennsylvania%29&ts=1786343974216&start=850,radixsol-indeed-matches-2026-08-10 (17).csv,27,profession could not be confidently inferred,1,grepko@excelahealth.org,(310) 729-0373
Tiffany Wissinger,"Indiana, PA",Owner/Operator,tcwissinger@gmail.com,+17176585321,10/10,"locality, school, name",nursing instructor,indiana university of pennsylvania,https://resumes.indeed.com/search?q=%28RN+OR+%22Registered+Nurse%22%29+AND+%28%22Emergency+Room%22+OR+%22Emergency+Department%22+OR+ER+OR+ED+OR+%22Operating+Room%22+OR+%22Perioperative+Nurse%22+OR+ICU+OR+%22Intensive+Care+Unit%22+OR+%22Critical+Care%22+OR+%22Labor+and+Delivery%22+OR+%22Labor+%26+Delivery%22+OR+L%26D+OR+%22OB+Nurse%22%29&nl=false&l=%28+++Kentucky+OR+KY+++OR+Indiana+OR+IN+++OR+Ohio+OR+OH+++OR+California+OR+CA+OR+Pennsylvania%29&ts=1786343974216&start=850,radixsol-indeed-matches-2026-08-10 (17).csv,28,profession could not be confidently inferred,1,tcwissinger@gmail.com,(717) 658-5321
Craig Hoffman,"Johnstown, PA",Orthopedic Trauma Consultant,craig.hoffman@conduent.com,+15419448543,4/10,"locality, name",principal network engineer,conduent,https://resumes.indeed.com/search?q=%28RN+OR+%22Registered+Nurse%22%29+AND+%28%22Emergency+Room%22+OR+%22Emergency+Department%22+OR+ER+OR+ED+OR+%22Operating+Room%22+OR+%22Perioperative+Nurse%22+OR+ICU+OR+%22Intensive+Care+Unit%22+OR+%22Critical+Care%22+OR+%22Labor+and+Delivery%22+OR+%22Labor+%26+Delivery%22+OR+L%26D+OR+%22OB+Nurse%22%29&nl=false&l=%28+++Kentucky+OR+KY+++OR+Indiana+OR+IN+++OR+Ohio+OR+OH+++OR+California+OR+CA+OR+Pennsylvania%29&ts=1786343974216&start=850,radixsol-indeed-matches-2026-08-10 (17).csv,31,profession could not be confidently inferred,1,craig.hoffman@conduent.com,(541) 944-8543
Jessa Cardelli,"Indiana, PA",Director of Nursing Operations and Inpatient Rehabilitation,jessa.cardelli@iqor.com,+17244226126,10/10,"locality, company, school, name",chief nursing officer,riverview regional medical center,https://resumes.indeed.com/search?q=%28RN+OR+%22Registered+Nurse%22%29+AND+%28%22Emergency+Room%22+OR+%22Emergency+Department%22+OR+ER+OR+ED+OR+%22Operating+Room%22+OR+%22Perioperative+Nurse%22+OR+ICU+OR+%22Intensive+Care+Unit%22+OR+%22Critical+Care%22+OR+%22Labor+and+Delivery%22+OR+%22Labor+%26+Delivery%22+OR+L%26D+OR+%22OB+Nurse%22%29&nl=false&l=%28+++Kentucky+OR+KY+++OR+Indiana+OR+IN+++OR+Ohio+OR+OH+++OR+California+OR+CA+OR+Pennsylvania%29&ts=1786343974216&start=850,radixsol-indeed-matches-2026-08-10 (17).csv,33,profession could not be confidently inferred,1,jessa.cardelli@iqor.com,(724) 422-6126
Julia Santello,"Indiana, PA",Director of Information Systems,jsantello@indianarmc.org,+17248010660,10/10,"locality, company, name",information services manager,indiana regional medical center,https://resumes.indeed.com/search?q=%28RN+OR+%22Registered+Nurse%22%29+AND+%28%22Emergency+Room%22+OR+%22Emergency+Department%22+OR+ER+OR+ED+OR+%22Operating+Room%22+OR+%22Perioperative+Nurse%22+OR+ICU+OR+%22Intensive+Care+Unit%22+OR+%22Critical+Care%22+OR+%22Labor+and+Delivery%22+OR+%22Labor+%26+Delivery%22+OR+L%26D+OR+%22OB+Nurse%22%29&nl=false&l=%28+++Kentucky+OR+KY+++OR+Indiana+OR+IN+++OR+Ohio+OR+OH+++OR+California+OR+CA+OR+Pennsylvania%29&ts=1786343974216&start=850,radixsol-indeed-matches-2026-08-10 (17).csv,34,profession could not be confidently inferred,2,jsantello@indianarmc.org,(724) 801-0660
Nicole Custer,"Johnstown, PA",Assistant Professor,ncuster@francis.edu,+18149372863,10/10,"company, school, name",owner,nursing student success,https://resumes.indeed.com/search?q=%28RN+OR+%22Registered+Nurse%22%29+AND+%28%22Emergency+Room%22+OR+%22Emergency+Department%22+OR+ER+OR+ED+OR+%22Operating+Room%22+OR+%22Perioperative+Nurse%22+OR+ICU+OR+%22Intensive+Care+Unit%22+OR+%22Critical+Care%22+OR+%22Labor+and+Delivery%22+OR+%22Labor+%26+Delivery%22+OR+L%26D+OR+%22OB+Nurse%22%29&nl=false&l=%28+++Kentucky+OR+KY+++OR+Indiana+OR+IN+++OR+Ohio+OR+OH+++OR+California+OR+CA+OR+Pennsylvania%29&ts=1786343974216&start=850,radixsol-indeed-matches-2026-08-10 (17).csv,35,profession could not be confidently inferred,1,ncuster@francis.edu,(814) 937-2863
Wendy Haislip,"Indiana, PA",Medicine Service Line Administrator-Executive Director,whaislip@indianarmc.org,+12402915374,10/10,"locality, company, school, name",vice president and chief nursing officer,indiana regional medical center,https://resumes.indeed.com/search?q=%28RN+OR+%22Registered+Nurse%22%29+AND+%28%22Emergency+Room%22+OR+%22Emergency+Department%22+OR+ER+OR+ED+OR+%22Operating+Room%22+OR+%22Perioperative+Nurse%22+OR+ICU+OR+%22Intensive+Care+Unit%22+OR+%22Critical+Care%22+OR+%22Labor+and+Delivery%22+OR+%22Labor+%26+Delivery%22+OR+L%26D+OR+%22OB+Nurse%22%29&nl=false&l=%28+++Kentucky+OR+KY+++OR+Indiana+OR+IN+++OR+Ohio+OR+OH+++OR+California+OR+CA+OR+Pennsylvania%29&ts=1786343974216&start=900,radixsol-indeed-matches-2026-08-10 (18).csv,9,profession could not be confidently inferred,1,whaislip@indianarmc.org,(240) 291-5374
Lisa Cone,"Kittanning, PA",Adjunct Nursing Instructor,lcone@south.edu,+17249547777,9/10,"locality, company, name",south college faculty,south college,https://resumes.indeed.com/search?q=%28RN+OR+%22Registered+Nurse%22%29+AND+%28%22Emergency+Room%22+OR+%22Emergency+Department%22+OR+ER+OR+ED+OR+%22Operating+Room%22+OR+%22Perioperative+Nurse%22+OR+ICU+OR+%22Intensive+Care+Unit%22+OR+%22Critical+Care%22+OR+%22Labor+and+Delivery%22+OR+%22Labor+%26+Delivery%22+OR+L%26D+OR+%22OB+Nurse%22%29&nl=false&l=%28+++Kentucky+OR+KY+++OR+Indiana+OR+IN+++OR+Ohio+OR+OH+++OR+California+OR+CA+OR+Pennsylvania%29&ts=1786343974216&start=900,radixsol-indeed-matches-2026-08-10 (18).csv,10,profession could not be confidently inferred,1,lcone@south.edu,(724) 954-7777
Ralph Sabedra,"Slickville, PA",Administrator,ralph.sabedra@yahoo.com,+17243967302,9/10,"locality, name",,,https://resumes.indeed.com/search?q=%28RN+OR+%22Registered+Nurse%22%29+AND+%28%22Emergency+Room%22+OR+%22Emergency+Department%22+OR+ER+OR+ED+OR+%22Operating+Room%22+OR+%22Perioperative+Nurse%22+OR+ICU+OR+%22Intensive+Care+Unit%22+OR+%22Critical+Care%22+OR+%22Labor+and+Delivery%22+OR+%22Labor+%26+Delivery%22+OR+L%26D+OR+%22OB+Nurse%22%29&nl=false&l=%28+++Kentucky+OR+KY+++OR+Indiana+OR+IN+++OR+Ohio+OR+OH+++OR+California+OR+CA+OR+Pennsylvania%29&ts=1786343974216&start=900,radixsol-indeed-matches-2026-08-10 (18).csv,12,profession could not be confidently inferred,1,ralph.sabedra@yahoo.com,(724) 396-7302
Jeffrey Scanlan,"Ebensburg, PA",Director of Nursing,courtyard4321@aol.com,+18145711078,8/10,"locality, name",,,https://resumes.indeed.com/search?q=%28RN+OR+%22Registered+Nurse%22%29+AND+%28%22Emergency+Room%22+OR+%22Emergency+Department%22+OR+ER+OR+ED+OR+%22Operating+Room%22+OR+%22Perioperative+Nurse%22+OR+ICU+OR+%22Intensive+Care+Unit%22+OR+%22Critical+Care%22+OR+%22Labor+and+Delivery%22+OR+%22Labor+%26+Delivery%22+OR+L%26D+OR+%22OB+Nurse%22%29&nl=false&l=%28+++Kentucky+OR+KY+++OR+Indiana+OR+IN+++OR+Ohio+OR+OH+++OR+California+OR+CA+OR+Pennsylvania%29&ts=1786343974216&start=900,radixsol-indeed-matches-2026-08-10 (18).csv,13,profession could not be confidently inferred,1,courtyard4321@aol.com,(814) 571-1078
Tracy Dodson,"Mineral Point, PA",OR Director,tdodson@conemaugh.org,+18146599656,9/10,"locality, name",or director,"conemaugh health system, duke lifepoint healthcare",https://resumes.indeed.com/search?q=%28RN+OR+%22Registered+Nurse%22%29+AND+%28%22Emergency+Room%22+OR+%22Emergency+Department%22+OR+ER+OR+ED+OR+%22Operating+Room%22+OR+%22Perioperative+Nurse%22+OR+ICU+OR+%22Intensive+Care+Unit%22+OR+%22Critical+Care%22+OR+%22Labor+and+Delivery%22+OR+%22Labor+%26+Delivery%22+OR+L%26D+OR+%22OB+Nurse%22%29&nl=false&l=%28+++Kentucky+OR+KY+++OR+Indiana+OR+IN+++OR+Ohio+OR+OH+++OR+California+OR+CA+OR+Pennsylvania%29&ts=1786343974216&start=900,radixsol-indeed-matches-2026-08-10 (18).csv,15,profession could not be confidently inferred,1,tdodson@conemaugh.org,(814) 659-9656
William Rush,"Leechburg, PA",Director of Clinical Marketing,wrush@beyondair.net,+17864737686,10/10,"locality, company, school, name",director of clinical marketing,beyond air®,https://resumes.indeed.com/search?q=%28RN+OR+%22Registered+Nurse%22%29+AND+%28%22Emergency+Room%22+OR+%22Emergency+Department%22+OR+ER+OR+ED+OR+%22Operating+Room%22+OR+%22Perioperative+Nurse%22+OR+ICU+OR+%22Intensive+Care+Unit%22+OR+%22Critical+Care%22+OR+%22Labor+and+Delivery%22+OR+%22Labor+%26+Delivery%22+OR+L%26D+OR+%22OB+Nurse%22%29&nl=false&l=%28+++Kentucky+OR+KY+++OR+Indiana+OR+IN+++OR+Ohio+OR+OH+++OR+California+OR+CA+OR+Pennsylvania%29&ts=1786343974216&start=900,radixsol-indeed-matches-2026-08-10 (18).csv,16,profession could not be confidently inferred,1,wrush@beyondair.net,(786) 473-7686
Jeffrey Weir,"Johnstown, PA",Paramedic Supervisor,angelaweir@gmail.com,+18145252285,9/10,"locality, company, name",disable very experienced paramedic,disability/retirement,https://resumes.indeed.com/search?q=%28RN+OR+%22Registered+Nurse%22%29+AND+%28%22Emergency+Room%22+OR+%22Emergency+Department%22+OR+ER+OR+ED+OR+%22Operating+Room%22+OR+%22Perioperative+Nurse%22+OR+ICU+OR+%22Intensive+Care+Unit%22+OR+%22Critical+Care%22+OR+%22Labor+and+Delivery%22+OR+%22Labor+%26+Delivery%22+OR+L%26D+OR+%22OB+Nurse%22%29&nl=false&l=%28+++Kentucky+OR+KY+++OR+Indiana+OR+IN+++OR+Ohio+OR+OH+++OR+California+OR+CA+OR+Pennsylvania%29&ts=1786343974216&start=900,radixsol-indeed-matches-2026-08-10 (18).csv,18,profession could not be confidently inferred,1,angelaweir@gmail.com,(814) 525-2285
Chuck McCutcheon,"Indiana, PA",Freelance Consultant,drchuckmccutcheonrn@yahoo.com,+14126920838,7/10,"locality, name","consultant, healthcare administration & staff development / education",private consulting practice,https://resumes.indeed.com/search?q=%28RN+OR+%22Registered+Nurse%22%29+AND+%28%22Emergency+Room%22+OR+%22Emergency+Department%22+OR+ER+OR+ED+OR+%22Operating+Room%22+OR+%22Perioperative+Nurse%22+OR+ICU+OR+%22Intensive+Care+Unit%22+OR+%22Critical+Care%22+OR+%22Labor+and+Delivery%22+OR+%22Labor+%26+Delivery%22+OR+L%26D+OR+%22OB+Nurse%22%29&nl=false&l=%28+++Kentucky+OR+KY+++OR+Indiana+OR+IN+++OR+Ohio+OR+OH+++OR+California+OR+CA+OR+Pennsylvania%29&ts=1786343974216&start=900,radixsol-indeed-matches-2026-08-10 (18).csv,19,profession could not be confidently inferred,1,drchuckmccutcheonrn@yahoo.com,(412) 692-0838
Amy Arduino,"Vandergrift, PA",Instructor Citizens School of Nursing,aarduino3@gmail.com,+17249891838,9/10,"locality, name",instructor,citizens school of nursing,https://resumes.indeed.com/search?q=%28RN+OR+%22Registered+Nurse%22%29+AND+%28%22Emergency+Room%22+OR+%22Emergency+Department%22+OR+ER+OR+ED+OR+%22Operating+Room%22+OR+%22Perioperative+Nurse%22+OR+ICU+OR+%22Intensive+Care+Unit%22+OR+%22Critical+Care%22+OR+%22Labor+and+Delivery%22+OR+%22Labor+%26+Delivery%22+OR+L%26D+OR+%22OB+Nurse%22%29&nl=false&l=%28+++Kentucky+OR+KY+++OR+Indiana+OR+IN+++OR+Ohio+OR+OH+++OR+California+OR+CA+OR+Pennsylvania%29&ts=1786343974216&start=900,radixsol-indeed-matches-2026-08-10 (18).csv,21,profession could not be confidently inferred,1,aarduino3@gmail.com,(724) 989-1838
Logan WElls,"Marion Center, PA",Nurse Aide/ Med. Tech.,loganwells00@yahoo.com,+17247628671,7/10,"locality, name",,,https://resumes.indeed.com/search?q=%28RN+OR+%22Registered+Nurse%22%29+AND+%28%22Emergency+Room%22+OR+%22Emergency+Department%22+OR+ER+OR+ED+OR+%22Operating+Room%22+OR+%22Perioperative+Nurse%22+OR+ICU+OR+%22Intensive+Care+Unit%22+OR+%22Critical+Care%22+OR+%22Labor+and+Delivery%22+OR+%22Labor+%26+Delivery%22+OR+L%26D+OR+%22OB+Nurse%22%29&nl=false&l=%28+++Kentucky+OR+KY+++OR+Indiana+OR+IN+++OR+Ohio+OR+OH+++OR+California+OR+CA+OR+Pennsylvania%29&ts=1786343974216&start=900,radixsol-indeed-matches-2026-08-10 (18).csv,22,profession could not be confidently inferred,1,loganwells00@yahoo.com,(724) 762-8671
Kristy Fought,"Shelocta, PA",Telephonic Nurse Case Manager,kristy.fought@upmc.edu,+17243886932,10/10,"locality, school, name",nurse care manager,upmc health plan,https://resumes.indeed.com/search?q=%28RN+OR+%22Registered+Nurse%22%29+AND+%28%22Emergency+Room%22+OR+%22Emergency+Department%22+OR+ER+OR+ED+OR+%22Operating+Room%22+OR+%22Perioperative+Nurse%22+OR+ICU+OR+%22Intensive+Care+Unit%22+OR+%22Critical+Care%22+OR+%22Labor+and+Delivery%22+OR+%22Labor+%26+Delivery%22+OR+L%26D+OR+%22OB+Nurse%22%29&nl=false&l=%28+++Kentucky+OR+KY+++OR+Indiana+OR+IN+++OR+Ohio+OR+OH+++OR+California+OR+CA+OR+Pennsylvania%29&ts=1786343974216&start=900,radixsol-indeed-matches-2026-08-10 (18).csv,24,profession could not be confidently inferred,1,kristy.fought@upmc.edu,(724) 388-6932
Leanne Kendera,"Johnstown, PA",Interim Healthcare,lkendera@yahoo.com,+18142429670,8/10,"locality, name","staff nurse, homecare manager, director of healthcare services",lee hospital community nursing service conemaugh homehealth seniorlife interim healthcare,https://resumes.indeed.com/search?q=%28RN+OR+%22Registered+Nurse%22%29+AND+%28%22Emergency+Room%22+OR+%22Emergency+Department%22+OR+ER+OR+ED+OR+%22Operating+Room%22+OR+%22Perioperative+Nurse%22+OR+ICU+OR+%22Intensive+Care+Unit%22+OR+%22Critical+Care%22+OR+%22Labor+and+Delivery%22+OR+%22Labor+%26+Delivery%22+OR+L%26D+OR+%22OB+Nurse%22%29&nl=false&l=%28+++Kentucky+OR+KY+++OR+Indiana+OR+IN+++OR+Ohio+OR+OH+++OR+California+OR+CA+OR+Pennsylvania%29&ts=1786343974216&start=950,radixsol-indeed-matches-2026-08-10 (19).csv,2,profession could not be confidently inferred,1,lkendera@yahoo.com,(814) 242-9670
Virginia Hostetter,"Indiana, PA","Director, Quality and Risk Management",vhostetter@indianarmc.org,+18143222963,10/10,"locality, company, name",director quality & risk management,indiana regional medical center,https://resumes.indeed.com/search?q=%28RN+OR+%22Registered+Nurse%22%29+AND+%28%22Emergency+Room%22+OR+%22Emergency+Department%22+OR+ER+OR+ED+OR+%22Operating+Room%22+OR+%22Perioperative+Nurse%22+OR+ICU+OR+%22Intensive+Care+Unit%22+OR+%22Critical+Care%22+OR+%22Labor+and+Delivery%22+OR+%22Labor+%26+Delivery%22+OR+L%26D+OR+%22OB+Nurse%22%29&nl=false&l=%28+++Kentucky+OR+KY+++OR+Indiana+OR+IN+++OR+Ohio+OR+OH+++OR+California+OR+CA+OR+Pennsylvania%29&ts=1786343974216&start=950,radixsol-indeed-matches-2026-08-10 (19).csv,7,profession could not be confidently inferred,1,vhostetter@indianarmc.org,(814) 322-2963
Kassidy Graham,"Punxsutawney, PA",Owner & Founder,mfhbc@iup.edu,+18142492737,8/10,"locality, name",,,https://resumes.indeed.com/search?q=%28RN+OR+%22Registered+Nurse%22%29+AND+%28%22Emergency+Room%22+OR+%22Emergency+Department%22+OR+ER+OR+ED+OR+%22Operating+Room%22+OR+%22Perioperative+Nurse%22+OR+ICU+OR+%22Intensive+Care+Unit%22+OR+%22Critical+Care%22+OR+%22Labor+and+Delivery%22+OR+%22Labor+%26+Delivery%22+OR+L%26D+OR+%22OB+Nurse%22%29&nl=false&l=%28+++Kentucky+OR+KY+++OR+Indiana+OR+IN+++OR+Ohio+OR+OH+++OR+California+OR+CA+OR+Pennsylvania%29&ts=1786343974216&start=950,radixsol-indeed-matches-2026-08-10 (19).csv,10,profession could not be confidently inferred,1,mfhbc@iup.edu,(814) 249-2737
Wendy Stockhausen,"Indiana, PA",Director of Operations for Skilled Nursing Facilities,omgshaanaaykoalaska@hotmail.com,+18145727687,3/10,"region, name",,,https://resumes.indeed.com/search?q=%28RN+OR+%22Registered+Nurse%22%29+AND+%28%22Emergency+Room%22+OR+%22Emergency+Department%22+OR+ER+OR+ED+OR+%22Operating+Room%22+OR+%22Perioperative+Nurse%22+OR+ICU+OR+%22Intensive+Care+Unit%22+OR+%22Critical+Care%22+OR+%22Labor+and+Delivery%22+OR+%22Labor+%26+Delivery%22+OR+L%26D+OR+%22OB+Nurse%22%29&nl=false&l=%28+++Kentucky+OR+KY+++OR+Indiana+OR+IN+++OR+Ohio+OR+OH+++OR+California+OR+CA+OR+Pennsylvania%29&ts=1786343974216&start=950,radixsol-indeed-matches-2026-08-10 (19).csv,13,profession could not be confidently inferred,1,omgshaanaaykoalaska@hotmail.com,(814) 572-7687
Sherl George,"North Apollo, PA",Public Safety Instructor,sherlynne1@comcast.net,+17244487762,4/10,name,,,https://resumes.indeed.com/search?q=%28RN+OR+%22Registered+Nurse%22%29+AND+%28%22Emergency+Room%22+OR+%22Emergency+Department%22+OR+ER+OR+ED+OR+%22Operating+Room%22+OR+%22Perioperative+Nurse%22+OR+ICU+OR+%22Intensive+Care+Unit%22+OR+%22Critical+Care%22+OR+%22Labor+and+Delivery%22+OR+%22Labor+%26+Delivery%22+OR+L%26D+OR+%22OB+Nurse%22%29&nl=false&l=%28+++Kentucky+OR+KY+++OR+Indiana+OR+IN+++OR+Ohio+OR+OH+++OR+California+OR+CA+OR+Pennsylvania%29&ts=1786343974216&start=950,radixsol-indeed-matches-2026-08-10 (19).csv,17,profession could not be confidently inferred,1,sherlynne1@comcast.net,(724) 448-7762
Kathryn Shiller,"Home, PA",Senior Clinical Research Associate,kathryn.shiller@iconplc.com,+13616552328,10/10,"region, company, name",senior clinical research associate,icon plc,https://resumes.indeed.com/search?q=%28RN+OR+%22Registered+Nurse%22%29+AND+%28%22Emergency+Room%22+OR+%22Emergency+Department%22+OR+ER+OR+ED+OR+%22Operating+Room%22+OR+%22Perioperative+Nurse%22+OR+ICU+OR+%22Intensive+Care+Unit%22+OR+%22Critical+Care%22+OR+%22Labor+and+Delivery%22+OR+%22Labor+%26+Delivery%22+OR+L%26D+OR+%22OB+Nurse%22%29&nl=false&l=%28+++Kentucky+OR+KY+++OR+Indiana+OR+IN+++OR+Ohio+OR+OH+++OR+California+OR+CA+OR+Pennsylvania%29&ts=1786343974216&start=950,radixsol-indeed-matches-2026-08-10 (19).csv,21,profession could not be confidently inferred,1,kathryn.shiller@iconplc.com,(361) 655-2328
Glenn Stutzman,"Indiana, PA",Adjunct instructor,gstutzman@verizon.net,+18145580226,7/10,"locality, name",administrator,irmc physician group,https://resumes.indeed.com/search?q=%28RN+OR+%22Registered+Nurse%22%29+AND+%28%22Emergency+Room%22+OR+%22Emergency+Department%22+OR+ER+OR+ED+OR+%22Operating+Room%22+OR+%22Perioperative+Nurse%22+OR+ICU+OR+%22Intensive+Care+Unit%22+OR+%22Critical+Care%22+OR+%22Labor+and+Delivery%22+OR+%22Labor+%26+Delivery%22+OR+L%26D+OR+%22OB+Nurse%22%29&nl=false&l=%28+++Kentucky+OR+KY+++OR+Indiana+OR+IN+++OR+Ohio+OR+OH+++OR+California+OR+CA+OR+Pennsylvania%29&ts=1786343974216&start=950,radixsol-indeed-matches-2026-08-10 (19).csv,28,profession could not be confidently inferred,1,gstutzman@verizon.net,(814) 558-0226
Myra Herbert,"Saltsburg, PA",Manager,mherbert@upmc.com,+14129731505,3/10,"region, name","program director- hpl, community services team",upmc,https://resumes.indeed.com/search?q=%28RN+OR+%22Registered+Nurse%22%29+AND+%28%22Emergency+Room%22+OR+%22Emergency+Department%22+OR+ER+OR+ED+OR+%22Operating+Room%22+OR+%22Perioperative+Nurse%22+OR+ICU+OR+%22Intensive+Care+Unit%22+OR+%22Critical+Care%22+OR+%22Labor+and+Delivery%22+OR+%22Labor+%26+Delivery%22+OR+L%26D+OR+%22OB+Nurse%22%29&nl=false&l=%28+++Kentucky+OR+KY+++OR+Indiana+OR+IN+++OR+Ohio+OR+OH+++OR+California+OR+CA+OR+Pennsylvania%29&ts=1786343974216&start=950,radixsol-indeed-matches-2026-08-10 (19).csv,34,profession could not be confidently inferred,1,mherbert@upmc.com,(412) 973-1505
Christina Schilling,"Nanty Glo, PA",Full-time Critical Care Charge Nurse,christina.schilling@conemaugh.org,+18146598147,8/10,"locality, name",independent beauty consultant,mary kay independent consultant,https://resumes.indeed.com/search?q=%28RN+OR+%22Registered+Nurse%22%29+AND+%28%22Emergency+Room%22+OR+%22Emergency+Department%22+OR+ER+OR+ED+OR+%22Operating+Room%22+OR+%22Perioperative+Nurse%22+OR+ICU+OR+%22Intensive+Care+Unit%22+OR+%22Critical+Care%22+OR+%22Labor+and+Delivery%22+OR+%22Labor+%26+Delivery%22+OR+L%26D+OR+%22OB+Nurse%22%29&nl=false&l=%28+++Kentucky+OR+KY+++OR+Indiana+OR+IN+++OR+Ohio+OR+OH+++OR+California+OR+CA+OR+Pennsylvania%29&ts=1786343974216&start=100,radixsol-indeed-matches-2026-08-10 (2).csv,10,profession could not be confidently inferred,1,christina.schilling@conemaugh.org,(814) 659-8147
Adrienne Rash,"Penn Run, PA",Critical Care Nurse,arash@bayada.com,+17176497738,10/10,"region, company, name",area director,bayada home health care,https://resumes.indeed.com/search?q=%28RN+OR+%22Registered+Nurse%22%29+AND+%28%22Emergency+Room%22+OR+%22Emergency+Department%22+OR+ER+OR+ED+OR+%22Operating+Room%22+OR+%22Perioperative+Nurse%22+OR+ICU+OR+%22Intensive+Care+Unit%22+OR+%22Critical+Care%22+OR+%22Labor+and+Delivery%22+OR+%22Labor+%26+Delivery%22+OR+L%26D+OR+%22OB+Nurse%22%29&nl=false&l=%28+++Kentucky+OR+KY+++OR+Indiana+OR+IN+++OR+Ohio+OR+OH+++OR+California+OR+CA+OR+Pennsylvania%29&ts=1786343974216&start=100,radixsol-indeed-matches-2026-08-10 (2).csv,20,profession could not be confidently inferred,1,arash@bayada.com,(717) 649-7738
Natalie Bellerillo,"Indiana, PA",Amergis,nbellerillo1@netscape.net,+14129531236,9/10,"school, name",,,https://resumes.indeed.com/search?q=%28RN+OR+%22Registered+Nurse%22%29+AND+%28%22Emergency+Room%22+OR+%22Emergency+Department%22+OR+ER+OR+ED+OR+%22Operating+Room%22+OR+%22Perioperative+Nurse%22+OR+ICU+OR+%22Intensive+Care+Unit%22+OR+%22Critical+Care%22+OR+%22Labor+and+Delivery%22+OR+%22Labor+%26+Delivery%22+OR+L%26D+OR+%22OB+Nurse%22%29&nl=false&l=%28+++Kentucky+OR+KY+++OR+Indiana+OR+IN+++OR+Ohio+OR+OH+++OR+California+OR+CA+OR+Pennsylvania%29&ts=1786343974216&start=100,radixsol-indeed-matches-2026-08-10 (2).csv,24,profession could not be confidently inferred,1,nbellerillo1@netscape.net,(412) 953-1236
Jacqueline Korhut,"Johnstown, PA",Assistant Corrections Healthcare Administrator,jkorhut@pa.gov,+18142435541,9/10,"locality, school, name",nursing administrator,commonwealth of pennsylvania,https://resumes.indeed.com/search?q=%28RN+OR+%22Registered+Nurse%22%29+AND+%28%22Emergency+Room%22+OR+%22Emergency+Department%22+OR+ER+OR+ED+OR+%22Operating+Room%22+OR+%22Perioperative+Nurse%22+OR+ICU+OR+%22Intensive+Care+Unit%22+OR+%22Critical+Care%22+OR+%22Labor+and+Delivery%22+OR+%22Labor+%26+Delivery%22+OR+L%26D+OR+%22OB+Nurse%22%29&nl=false&l=%28+++Kentucky+OR+KY+++OR+Indiana+OR+IN+++OR+Ohio+OR+OH+++OR+California+OR+CA+OR+Pennsylvania%29&ts=1786343974216&start=200,radixsol-indeed-matches-2026-08-10 (4).csv,2,profession could not be confidently inferred,1,jkorhut@pa.gov,(814) 243-5541
Ashley Wetzel,"Marion Center, PA",Neurovascular Intensive Care Unit,ashley.wetzel@emsar.com,+17245498098,9/10,"locality, school, name",clinical educator,emsar - equipment management service and repair,https://resumes.indeed.com/search?q=%28RN+OR+%22Registered+Nurse%22%29+AND+%28%22Emergency+Room%22+OR+%22Emergency+Department%22+OR+ER+OR+ED+OR+%22Operating+Room%22+OR+%22Perioperative+Nurse%22+OR+ICU+OR+%22Intensive+Care+Unit%22+OR+%22Critical+Care%22+OR+%22Labor+and+Delivery%22+OR+%22Labor+%26+Delivery%22+OR+L%26D+OR+%22OB+Nurse%22%29&nl=false&l=%28+++Kentucky+OR+KY+++OR+Indiana+OR+IN+++OR+Ohio+OR+OH+++OR+California+OR+CA+OR+Pennsylvania%29&ts=1786343974216&start=200,radixsol-indeed-matches-2026-08-10 (4).csv,10,profession could not be confidently inferred,1,ashley.wetzel@emsar.com,(724) 549-8098
Jamie Kimmick,"Latrobe, PA",Clinical Nurse Coordinator,jdonahue@excelahealth.org,+17242163285,9/10,"locality, school, name",intensive care nurse,independence health system,https://resumes.indeed.com/search?q=%28RN+OR+%22Registered+Nurse%22%29+AND+%28%22Emergency+Room%22+OR+%22Emergency+Department%22+OR+ER+OR+ED+OR+%22Operating+Room%22+OR+%22Perioperative+Nurse%22+OR+ICU+OR+%22Intensive+Care+Unit%22+OR+%22Critical+Care%22+OR+%22Labor+and+Delivery%22+OR+%22Labor+%26+Delivery%22+OR+L%26D+OR+%22OB+Nurse%22%29&nl=false&l=%28+++Kentucky+OR+KY+++OR+Indiana+OR+IN+++OR+Ohio+OR+OH+++OR+California+OR+CA+OR+Pennsylvania%29&ts=1786343974216&start=250,radixsol-indeed-matches-2026-08-10 (5).csv,21,profession could not be confidently inferred,1,jdonahue@excelahealth.org,(724) 216-3285
Michelle Mcelfresh,"Latrobe, PA","Care Manager, Utilization Review",mcponz@aol.com,+14125595063,3/10,name,,,https://resumes.indeed.com/search?q=%28RN+OR+%22Registered+Nurse%22%29+AND+%28%22Emergency+Room%22+OR+%22Emergency+Department%22+OR+ER+OR+ED+OR+%22Operating+Room%22+OR+%22Perioperative+Nurse%22+OR+ICU+OR+%22Intensive+Care+Unit%22+OR+%22Critical+Care%22+OR+%22Labor+and+Delivery%22+OR+%22Labor+%26+Delivery%22+OR+L%26D+OR+%22OB+Nurse%22%29&nl=false&l=%28+++Kentucky+OR+KY+++OR+Indiana+OR+IN+++OR+Ohio+OR+OH+++OR+California+OR+CA+OR+Pennsylvania%29&ts=1786343974216&start=250,radixsol-indeed-matches-2026-08-10 (5).csv,25,profession could not be confidently inferred,1,mcponz@aol.com,(412) 559-5063
Sylvia Marino,"Leechburg, PA",Recovery Centers of America,smarino1994@gmail.com,+14123035344,8/10,"locality, name",,,https://resumes.indeed.com/search?q=%28RN+OR+%22Registered+Nurse%22%29+AND+%28%22Emergency+Room%22+OR+%22Emergency+Department%22+OR+ER+OR+ED+OR+%22Operating+Room%22+OR+%22Perioperative+Nurse%22+OR+ICU+OR+%22Intensive+Care+Unit%22+OR+%22Critical+Care%22+OR+%22Labor+and+Delivery%22+OR+%22Labor+%26+Delivery%22+OR+L%26D+OR+%22OB+Nurse%22%29&nl=false&l=%28+++Kentucky+OR+KY+++OR+Indiana+OR+IN+++OR+Ohio+OR+OH+++OR+California+OR+CA+OR+Pennsylvania%29&ts=1786343974216&start=300,radixsol-indeed-matches-2026-08-10 (6).csv,12,profession could not be confidently inferred,1,smarino1994@gmail.com,(412) 303-5344
Terri Maser,"Johnstown, PA",Nurse Manager,tmaser@nussrestoration.com,+16094178322,4/10,"region, name",owner,nuss restoration company,https://resumes.indeed.com/search?q=%28RN+OR+%22Registered+Nurse%22%29+AND+%28%22Emergency+Room%22+OR+%22Emergency+Department%22+OR+ER+OR+ED+OR+%22Operating+Room%22+OR+%22Perioperative+Nurse%22+OR+ICU+OR+%22Intensive+Care+Unit%22+OR+%22Critical+Care%22+OR+%22Labor+and+Delivery%22+OR+%22Labor+%26+Delivery%22+OR+L%26D+OR+%22OB+Nurse%22%29&nl=false&l=%28+++Kentucky+OR+KY+++OR+Indiana+OR+IN+++OR+Ohio+OR+OH+++OR+California+OR+CA+OR+Pennsylvania%29&ts=1786343974216&start=300,radixsol-indeed-matches-2026-08-10 (6).csv,15,profession could not be confidently inferred,1,tmaser@nussrestoration.com,(609) 417-8322
Lisa DiBiasio,"Vandergrift, PA",Professional Staff Nurse,dibiasiolisa@gmail.com,+17249687158,8/10,"locality, name",assistant nurse manager,adventhealth hospital,https://resumes.indeed.com/search?q=%28RN+OR+%22Registered+Nurse%22%29+AND+%28%22Emergency+Room%22+OR+%22Emergency+Department%22+OR+ER+OR+ED+OR+%22Operating+Room%22+OR+%22Perioperative+Nurse%22+OR+ICU+OR+%22Intensive+Care+Unit%22+OR+%22Critical+Care%22+OR+%22Labor+and+Delivery%22+OR+%22Labor+%26+Delivery%22+OR+L%26D+OR+%22OB+Nurse%22%29&nl=false&l=%28+++Kentucky+OR+KY+++OR+Indiana+OR+IN+++OR+Ohio+OR+OH+++OR+California+OR+CA+OR+Pennsylvania%29&ts=1786343974216&start=350,radixsol-indeed-matches-2026-08-10 (7).csv,3,profession could not be confidently inferred,1,dibiasiolisa@gmail.com,(724) 968-7158
Susan Mentch,"Penn Run, PA",Wound Care Nurse,mentch@msn.com,+17244227010,9/10,"locality, name",,,https://resumes.indeed.com/search?q=%28RN+OR+%22Registered+Nurse%22%29+AND+%28%22Emergency+Room%22+OR+%22Emergency+Department%22+OR+ER+OR+ED+OR+%22Operating+Room%22+OR+%22Perioperative+Nurse%22+OR+ICU+OR+%22Intensive+Care+Unit%22+OR+%22Critical+Care%22+OR+%22Labor+and+Delivery%22+OR+%22Labor+%26+Delivery%22+OR+L%26D+OR+%22OB+Nurse%22%29&nl=false&l=%28+++Kentucky+OR+KY+++OR+Indiana+OR+IN+++OR+Ohio+OR+OH+++OR+California+OR+CA+OR+Pennsylvania%29&ts=1786343974216&start=350,radixsol-indeed-matches-2026-08-10 (7).csv,9,profession could not be confidently inferred,1,mentch@msn.com,(724) 422-7010
Jo Anne Ferris,"New Florence, PA",Clinical Nurse Coordinator,joanneferris@memorialhealth.com,+18143222372,10/10,"locality, company, school, name",pain resource nurse coordinator,memorial health,https://resumes.indeed.com/search?q=%28RN+OR+%22Registered+Nurse%22%29+AND+%28%22Emergency+Room%22+OR+%22Emergency+Department%22+OR+ER+OR+ED+OR+%22Operating+Room%22+OR+%22Perioperative+Nurse%22+OR+ICU+OR+%22Intensive+Care+Unit%22+OR+%22Critical+Care%22+OR+%22Labor+and+Delivery%22+OR+%22Labor+%26+Delivery%22+OR+L%26D+OR+%22OB+Nurse%22%29&nl=false&l=%28+++Kentucky+OR+KY+++OR+Indiana+OR+IN+++OR+Ohio+OR+OH+++OR+California+OR+CA+OR+Pennsylvania%29&ts=1786343974216&start=350,radixsol-indeed-matches-2026-08-10 (7).csv,26,profession could not be confidently inferred,1,joanneferris@memorialhealth.com,(814) 322-2372
Julie Fecko,"Johnstown, PA",Transcriptionist,julzey567@yahoo.com,+18142423296,10/10,"locality, company, school, name",nursing supervisor,upmc western behavioral health at twin lakes,https://resumes.indeed.com/search?q=%28RN+OR+%22Registered+Nurse%22%29+AND+%28%22Emergency+Room%22+OR+%22Emergency+Department%22+OR+ER+OR+ED+OR+%22Operating+Room%22+OR+%22Perioperative+Nurse%22+OR+ICU+OR+%22Intensive+Care+Unit%22+OR+%22Critical+Care%22+OR+%22Labor+and+Delivery%22+OR+%22Labor+%26+Delivery%22+OR+L%26D+OR+%22OB+Nurse%22%29&nl=false&l=%28+++Kentucky+OR+KY+++OR+Indiana+OR+IN+++OR+Ohio+OR+OH+++OR+California+OR+CA+OR+Pennsylvania%29&ts=1786343974216&start=400,radixsol-indeed-matches-2026-08-10 (8).csv,5,profession could not be confidently inferred,1,julzey567@yahoo.com,(814) 242-3296
George Kokus,"Indiana, PA",Ambulatory Surgical Services - Staff Nurse,marcikokus@msn.com,+17243880759,8/10,"locality, name",,,https://resumes.indeed.com/search?q=%28RN+OR+%22Registered+Nurse%22%29+AND+%28%22Emergency+Room%22+OR+%22Emergency+Department%22+OR+ER+OR+ED+OR+%22Operating+Room%22+OR+%22Perioperative+Nurse%22+OR+ICU+OR+%22Intensive+Care+Unit%22+OR+%22Critical+Care%22+OR+%22Labor+and+Delivery%22+OR+%22Labor+%26+Delivery%22+OR+L%26D+OR+%22OB+Nurse%22%29&nl=false&l=%28+++Kentucky+OR+KY+++OR+Indiana+OR+IN+++OR+Ohio+OR+OH+++OR+California+OR+CA+OR+Pennsylvania%29&ts=1786343974216&start=400,radixsol-indeed-matches-2026-08-10 (8).csv,6,profession could not be confidently inferred,1,marcikokus@msn.com,(724) 388-0759
Karen Kasely,"Ford City, PA",Nurse,kkasely@yahoo.com,+14129515642,5/10,name,,,https://resumes.indeed.com/search?q=%28RN+OR+%22Registered+Nurse%22%29+AND+%28%22Emergency+Room%22+OR+%22Emergency+Department%22+OR+ER+OR+ED+OR+%22Operating+Room%22+OR+%22Perioperative+Nurse%22+OR+ICU+OR+%22Intensive+Care+Unit%22+OR+%22Critical+Care%22+OR+%22Labor+and+Delivery%22+OR+%22Labor+%26+Delivery%22+OR+L%26D+OR+%22OB+Nurse%22%29&nl=false&l=%28+++Kentucky+OR+KY+++OR+Indiana+OR+IN+++OR+Ohio+OR+OH+++OR+California+OR+CA+OR+Pennsylvania%29&ts=1786343974216&start=400,radixsol-indeed-matches-2026-08-10 (8).csv,8,profession could not be confidently inferred,1,kkasely@yahoo.com,(412) 951-5642
KRISTEN McQUILLAN,"Johnstown, PA",Disability Nurse Case Manager,kristenmcquillan@nc.rr.com,+15617772712,7/10,"locality, name",,,https://resumes.indeed.com/search?q=%28RN+OR+%22Registered+Nurse%22%29+AND+%28%22Emergency+Room%22+OR+%22Emergency+Department%22+OR+ER+OR+ED+OR+%22Operating+Room%22+OR+%22Perioperative+Nurse%22+OR+ICU+OR+%22Intensive+Care+Unit%22+OR+%22Critical+Care%22+OR+%22Labor+and+Delivery%22+OR+%22Labor+%26+Delivery%22+OR+L%26D+OR+%22OB+Nurse%22%29&nl=false&l=%28+++Kentucky+OR+KY+++OR+Indiana+OR+IN+++OR+Ohio+OR+OH+++OR+California+OR+CA+OR+Pennsylvania%29&ts=1786343974216&start=400,radixsol-indeed-matches-2026-08-10 (8).csv,14,profession could not be confidently inferred,1,kristenmcquillan@nc.rr.com,(561) 777-2712
Katie Kirstein,"West Leechburg, PA","Clinician, General Surgery, Operating Room",katiekirstein@gmail.com,+14029438433,3/10,"region, name",,,https://resumes.indeed.com/search?q=%28RN+OR+%22Registered+Nurse%22%29+AND+%28%22Emergency+Room%22+OR+%22Emergency+Department%22+OR+ER+OR+ED+OR+%22Operating+Room%22+OR+%22Perioperative+Nurse%22+OR+ICU+OR+%22Intensive+Care+Unit%22+OR+%22Critical+Care%22+OR+%22Labor+and+Delivery%22+OR+%22Labor+%26+Delivery%22+OR+L%26D+OR+%22OB+Nurse%22%29&nl=false&l=%28+++Kentucky+OR+KY+++OR+Indiana+OR+IN+++OR+Ohio+OR+OH+++OR+California+OR+CA+OR+Pennsylvania%29&ts=1786343974216&start=400,radixsol-indeed-matches-2026-08-10 (8).csv,16,profession could not be confidently inferred,1,katiekirstein@gmail.com,(402) 943-8433
Billie Brendlinger,"Armagh, PA",IRMC,brendlingerb@gmail.com,+17248404622,10/10,"locality, company, name",,,https://resumes.indeed.com/search?q=%28RN+OR+%22Registered+Nurse%22%29+AND+%28%22Emergency+Room%22+OR+%22Emergency+Department%22+OR+ER+OR+ED+OR+%22Operating+Room%22+OR+%22Perioperative+Nurse%22+OR+ICU+OR+%22Intensive+Care+Unit%22+OR+%22Critical+Care%22+OR+%22Labor+and+Delivery%22+OR+%22Labor+%26+Delivery%22+OR+L%26D+OR+%22OB+Nurse%22%29&nl=false&l=%28+++Kentucky+OR+KY+++OR+Indiana+OR+IN+++OR+Ohio+OR+OH+++OR+California+OR+CA+OR+Pennsylvania%29&ts=1786343974216&start=400,radixsol-indeed-matches-2026-08-10 (8).csv,23,profession could not be confidently inferred,1,brendlingerb@gmail.com,(724) 840-4622
Victoria Cressley,"Punxsutawney, PA",Indiana Regional Medical Center,vickiecressley@irmcs.asia,+18144411620,6/10,"locality, school, name",clinical education coordinator,irmcs pte ltd,https://resumes.indeed.com/search?q=%28RN+OR+%22Registered+Nurse%22%29+AND+%28%22Emergency+Room%22+OR+%22Emergency+Department%22+OR+ER+OR+ED+OR+%22Operating+Room%22+OR+%22Perioperative+Nurse%22+OR+ICU+OR+%22Intensive+Care+Unit%22+OR+%22Critical+Care%22+OR+%22Labor+and+Delivery%22+OR+%22Labor+%26+Delivery%22+OR+L%26D+OR+%22OB+Nurse%22%29&nl=false&l=%28+++Kentucky+OR+KY+++OR+Indiana+OR+IN+++OR+Ohio+OR+OH+++OR+California+OR+CA+OR+Pennsylvania%29&ts=1786343974216&start=400,radixsol-indeed-matches-2026-08-10 (8).csv,25,profession could not be confidently inferred,1,vickiecressley@irmcs.asia,(814) 441-1620
ALEXIS NOVAK,"Johnstown, PA",Surgical-Trauma Progressive Care Unit,anovak@armstaffing.com,+18143226947,6/10,"locality, name",travel nurse,armstaffing,https://resumes.indeed.com/search?q=%28RN+OR+%22Registered+Nurse%22%29+AND+%28%22Emergency+Room%22+OR+%22Emergency+Department%22+OR+ER+OR+ED+OR+%22Operating+Room%22+OR+%22Perioperative+Nurse%22+OR+ICU+OR+%22Intensive+Care+Unit%22+OR+%22Critical+Care%22+OR+%22Labor+and+Delivery%22+OR+%22Labor+%26+Delivery%22+OR+L%26D+OR+%22OB+Nurse%22%29&nl=false&l=%28+++Kentucky+OR+KY+++OR+Indiana+OR+IN+++OR+Ohio+OR+OH+++OR+California+OR+CA+OR+Pennsylvania%29&ts=1786343974216&start=400,radixsol-indeed-matches-2026-08-10 (8).csv,29,profession could not be confidently inferred,1,anovak@armstaffing.com,(814) 322-6947
Cindy Hause,"New Florence, PA",Nurse Connection,cindilu3@gmail.com,+17407088923,9/10,"locality, name",,,https://resumes.indeed.com/search?q=%28RN+OR+%22Registered+Nurse%22%29+AND+%28%22Emergency+Room%22+OR+%22Emergency+Department%22+OR+ER+OR+ED+OR+%22Operating+Room%22+OR+%22Perioperative+Nurse%22+OR+ICU+OR+%22Intensive+Care+Unit%22+OR+%22Critical+Care%22+OR+%22Labor+and+Delivery%22+OR+%22Labor+%26+Delivery%22+OR+L%26D+OR+%22OB+Nurse%22%29&nl=false&l=%28+++Kentucky+OR+KY+++OR+Indiana+OR+IN+++OR+Ohio+OR+OH+++OR+California+OR+CA+OR+Pennsylvania%29&ts=1786343974216&start=400,radixsol-indeed-matches-2026-08-10 (8).csv,31,profession could not be confidently inferred,2,cindilu3@gmail.com,(740) 708-8923
Alyssa Schoenfeld,"Hastings, PA",Vent Nurse,lyss4u@yahoo.com,+16177778143,9/10,"locality, name",,,https://resumes.indeed.com/search?q=%28RN+OR+%22Registered+Nurse%22%29+AND+%28%22Emergency+Room%22+OR+%22Emergency+Department%22+OR+ER+OR+ED+OR+%22Operating+Room%22+OR+%22Perioperative+Nurse%22+OR+ICU+OR+%22Intensive+Care+Unit%22+OR+%22Critical+Care%22+OR+%22Labor+and+Delivery%22+OR+%22Labor+%26+Delivery%22+OR+L%26D+OR+%22OB+Nurse%22%29&nl=false&l=%28+++Kentucky+OR+KY+++OR+Indiana+OR+IN+++OR+Ohio+OR+OH+++OR+California+OR+CA+OR+Pennsylvania%29&ts=1786343974216&start=400,radixsol-indeed-matches-2026-08-10 (8).csv,33,profession could not be confidently inferred,2,lyss4u@yahoo.com,(617) 777-8143
John Giesey,"Ligonier, PA",Emergency Department Clinical Director,jgiesey@excelahealth.org,+17247302134,10/10,"company, school, name",clinical director of emergency department,independence health system,https://resumes.indeed.com/search?q=%28RN+OR+%22Registered+Nurse%22%29+AND+%28%22Emergency+Room%22+OR+%22Emergency+Department%22+OR+ER+OR+ED+OR+%22Operating+Room%22+OR+%22Perioperative+Nurse%22+OR+ICU+OR+%22Intensive+Care+Unit%22+OR+%22Critical+Care%22+OR+%22Labor+and+Delivery%22+OR+%22Labor+%26+Delivery%22+OR+L%26D+OR+%22OB+Nurse%22%29&nl=false&l=%28+++Kentucky+OR+KY+++OR+Indiana+OR+IN+++OR+Ohio+OR+OH+++OR+California+OR+CA+OR+Pennsylvania%29&ts=1786343974216&start=450,radixsol-indeed-matches-2026-08-10 (9).csv,7,profession could not be confidently inferred,1,jgiesey@excelahealth.org,(724) 730-2134
Jayna Blevins,"Kittanning, PA","Assistant Nurse Manager, Cardiothoracic Surgical Stepdown Unit",jayna.kanyuch@gmail.com,+17403594955,10/10,"locality, company, school, name",intensive care nurse,independence health system - butler/clarion area,https://resumes.indeed.com/search?q=%28RN+OR+%22Registered+Nurse%22%29+AND+%28%22Emergency+Room%22+OR+%22Emergency+Department%22+OR+ER+OR+ED+OR+%22Operating+Room%22+OR+%22Perioperative+Nurse%22+OR+ICU+OR+%22Intensive+Care+Unit%22+OR+%22Critical+Care%22+OR+%22Labor+and+Delivery%22+OR+%22Labor+%26+Delivery%22+OR+L%26D+OR+%22OB+Nurse%22%29&nl=false&l=%28+++Kentucky+OR+KY+++OR+Indiana+OR+IN+++OR+Ohio+OR+OH+++OR+California+OR+CA+OR+Pennsylvania%29&ts=1786343974216&start=450,radixsol-indeed-matches-2026-08-10 (9).csv,23,profession could not be confidently inferred,1,jayna.kanyuch@gmail.com,(740) 359-4955
Ginger Thomas,"Indiana, PA",Senior Nurse Manager,ginger.thomas@adventhealth.com,+17244224588,9/10,"locality, school, name",senior nurse manager,adventhealth,https://resumes.indeed.com/search?q=%28RN+OR+%22Registered+Nurse%22%29+AND+%28%22Emergency+Room%22+OR+%22Emergency+Department%22+OR+ER+OR+ED+OR+%22Operating+Room%22+OR+%22Perioperative+Nurse%22+OR+ICU+OR+%22Intensive+Care+Unit%22+OR+%22Critical+Care%22+OR+%22Labor+and+Delivery%22+OR+%22Labor+%26+Delivery%22+OR+L%26D+OR+%22OB+Nurse%22%29&nl=false&l=%28+++Kentucky+OR+KY+++OR+Indiana+OR+IN+++OR+Ohio+OR+OH+++OR+California+OR+CA+OR+Pennsylvania%29&ts=1786343974216&start=450,radixsol-indeed-matches-2026-08-10 (9).csv,26,profession could not be confidently inferred,1,ginger.thomas@adventhealth.com,(724) 422-4588
Kelly Russell,"Latrobe, PA",Manager Operating Room and Ambulatory Surgery,rkelkon@aol.com,+17244338247,9/10,"locality, company, name",,,https://resumes.indeed.com/search?q=%28RN+OR+%22Registered+Nurse%22%29+AND+%28%22Emergency+Room%22+OR+%22Emergency+Department%22+OR+ER+OR+ED+OR+%22Operating+Room%22+OR+%22Perioperative+Nurse%22+OR+ICU+OR+%22Intensive+Care+Unit%22+OR+%22Critical+Care%22+OR+%22Labor+and+Delivery%22+OR+%22Labor+%26+Delivery%22+OR+L%26D+OR+%22OB+Nurse%22%29&nl=false&l=%28+++Kentucky+OR+KY+++OR+Indiana+OR+IN+++OR+Ohio+OR+OH+++OR+California+OR+CA+OR+Pennsylvania%29&ts=1786343974216&start=450,radixsol-indeed-matches-2026-08-10 (9).csv,28,profession could not be confidently inferred,1,rkelkon@aol.com,(724) 433-8247
Stephanie Hawk,"Latrobe, PA",Transitions Healthcare,steph.hawk@live.com,+17245164631,6/10,"locality, name",,,https://resumes.indeed.com/search?q=%28RN+OR+%22Registered+Nurse%22%29+AND+%28%22Emergency+Room%22+OR+%22Emergency+Department%22+OR+ER+OR+ED+OR+%22Operating+Room%22+OR+%22Perioperative+Nurse%22+OR+ICU+OR+%22Intensive+Care+Unit%22+OR+%22Critical+Care%22+OR+%22Labor+and+Delivery%22+OR+%22Labor+%26+Delivery%22+OR+L%26D+OR+%22OB+Nurse%22%29&nl=false&l=%28+++Kentucky+OR+KY+++OR+Indiana+OR+IN+++OR+Ohio+OR+OH+++OR+California+OR+CA+OR+Pennsylvania%29&ts=1786343974216&start=450,radixsol-indeed-matches-2026-08-10 (9).csv,31,profession could not be confidently inferred,1,steph.hawk@live.com,(724) 516-4631
